2 48.2646143
3 0.16375254
4 -0.0150325127
5 0.11155012
6 0.0223449723
7 0.0444940592
8 0.0223449723
9 0.014828512
10 0.014828512
11 -3.34483592E-06
12 0.0140415919
13 0.141224634
14 0.0961156382
15 0.131346729
16 0.171282115
17 0.00731607173
18 0.0223449723
19 -0.0375809688
20 -0.000398068315
21 0.0369900072
22 -0.0613115203
23 0.0442985721
24 0.0955356992
25 -0.0919812813
26 0.014828512
27 -0.0102833577
28 -0.00811155229
29 0.0725804975
30 -0.00751855974
31 -0.0150325127
32 0.014828512
33 0.014828512
34 -0.00751855974
35 2.55761127
36 0.207471147
37 -0.0300679682
38 -0.00751855974
39 0.644341555
40 -0.0526230273
41 -0.0464875671
42 0.224862334
43 0.0743563152
44 0.517156705
45 -0.000595454614
46 -0.0458896287
47 0.0520133185
48 -0.00751855974
49 0.141224634
50 -0.0150325127
51 0.635763374
52 0.370477719
53 0.0294704357
54 -0.00850696889
55 0.00711899568
56 0.014828512
57 -0.0150325127
58 -0.0150325127
59 0.171282115
60 0.021952127
61 0.111742843
62 -0.00751855974
63 0.0223449723
64 0.0446895368
65 -0.0528026798
66 -0.0150325127
67 -0.0150325127
68 0.014828512
69 0.0213627618
70 0.0670556278
71 0.02155923
72 0.0274980409
73 -0.0385756884
74 0.0223449723
75 -0.0450927089
76 -0.0225537063
77 -0.0375809688
78 -0.262300546
79 -0.0383766996
80 0.0223449723
81 0.117684574
82 0.0963089481
83 0.0595338411
84 0.014828512
85 0.00731607173
86 -0.00751855974
87 -0.0676458656
88 -0.0150325127
89 0.00731607173
90 0.0371858497
91 -0.000200698419
92 -0.0379787896
93 -3.34483592E-06
94 0.0361928763
95 -0.0454911218
96 -0.0300679682
97 0.0816841221
98 0.00731607173
99 -0.0227520158
100 -0.0375809688
101 -0.000200698419
102 -0.0601350764
103 -0.00751855974
104 -0.0302665724
105 0.0446895368
106 0.00731607173
107 0.0446895368
108 0.0967320301
109 -0.00751855974
110 0.0223449723
111 0.0223449723
112 0.0223449723
113 -0.0225537063
114 0.156033405
115 0.0223449723
116 0.0223449723
117 0.0223449723
118 -0.00751855974
119 0.0296665714
120 0.16375254
121 0.124395786
122 0.43617482
123 -0.0225537063
124 0.036780282
125 0.0518181245
126 0.00731607173
127 0.0814901596
128 0.0223449723
129 -0.0302665724
130 -0.0077162064
131 -0.0150325127
132 0.0371858497
133 -0.00751855974
134 0.0223449723
135 0.279844255
136 0.0296665714
137 0.0296665714
138 0.0223449723
139 -0.00751855974
140 0.0223449723
141 0.00672226224
142 0.0446895368
143 0.00731607173
144 -0.00751855974
145 0.014828512
146 0.00731607173
147 -0.0152304529
148 0.0446895368
149 0.014828512
150 -0.00751855974
151 -0.00751855974
152 0.0296665714
153 0.00731607173
154 0.0223449723
155 -0.00751855974
156 -0.00751855974
157 0.0223449723
158 -0.00751855974
159 0.0446895368
160 -0.00751855974
161 -0.00751855974
162 -0.000398068315
163 -0.00751855974
164 1.42051863
165 0.260507083
166 0.586378049
167 0.0369900072
168 0.0296665714
169 0.0446895368
170 0.0963089481
171 -0.0452919037
172 0.021952127
173 0.0290781292
174 -3.34483592E-06
175 0.0371858497
176 0.192858939
177 1.10148222
178 0.416344637
179 0.0967320301
180 0.0223449723
181 -0.00751855974
182 0.0223449723
183 0.014828512
184 0.0371858497
185 0.014828512
186 -0.000200698419
187 -0.0150325127
188 0.0668610186
189 0.0296665714
190 0.0670556278
191 0.0812961933
192 0.183173608
193 0.0446895368
194 0.00711899568
195 -0.0150325127
196 0.460967864
197 0.312148664
198 0.542120784
199 -0.0150325127
200 0.0371858497
201 -0.0302665724
202 0.0223449723
203 0.013451252
204 0.014828512
205 -0.0235365743
206 -0.0150325127
207 -0.0150325127
208 0.920546114
209 0.580411908
210 0.148562075
211 0.312332867
212 0.311964494
213 0.47607665
214 0.036388689
215 0.00731607173
216 0.00731607173
217 0.147932757
218 1.19537237
219 -0.000200698419
220 0.118453986
221 0.0211662805
222 0.0883994068
223 0.0223449723
224 -0.0379787896
225 0.0446895368
226 0.014828512
227 0.0223449723
228 0.00711899568
229 0.0223449723
230 1.69257567
231 0.0963089481
232 -0.0150325127
233 -0.00751855974
234 0.021952127
235 0.312148664
236 0.446746094
237 0.20077012
238 -0.00751855974
239 0.0146318031
240 -0.00751855974
241 0.0296665714
242 0.0595338411
243 0.00711899568
244 -0.0904058171
245 0.215757863
246 0.0894011109
247 0.0371858497
248 0.169506334
249 0.543195682
250 0.022148556
251 0.0668610186
252 -0.00751855974
253 0.0369900072
254 0.816567044
255 -0.000200698419
256 0.0223449723
257 0.0668610186
258 -0.00751855974
259 0.11155012
260 -0.0150325127
261 0.230263171
262 0.133889048
263 0.014828512
264 0.0223449723
265 0.0437120539
266 0.0589491157
267 0.0892074438
268 0.014828512
269 0.304975404
270 0.0816841221
271 0.0520133185
272 0.0446895368
273 0.0446895368
274 0.0446895368
275 0.0223449723
276 -0.00751855974
277 -0.00751855974
278 0.0223449723
279 0.0223449723
280 0.0223449723
281 0.0223449723
282 -3.34483592E-06
283 -0.0227520158
284 -0.0848416145
285 0.162799958
286 0.109388928
287 0.014828512
288 1.1073563
289 0.156224231
290 -0.000989903444
291 0.00652521436
292 -0.000200698419
293 -0.0150325127
294 0.00731607173
295 -0.00811155229
296 -0.00751855974
297 0.0446895368
298 -0.0077162064
299 0.193426738
300 0.00731607173
301 0.0811022233
302 0.0512324926
303 0.356248287
304 0.0446895368
305 0.0371858497
306 0.0446895368
307 0.0818780809
308 0.0371858497
309 0.817533779
310 0.014828512
311 0.0371858497
312 0.00731607173
313 0.014828512
314 0.119075948
315 0.014828512
316 0.0668610186
317 0.014828512
318 0.0595338411
319 0.0442985721
320 0.0446895368
321 0.0146318031
322 -0.0150325127
323 0.743102818
324 0.207471147
325 0.245433011
326 0.0816841221
327 0.223103436
328 0.222539441
329 0.0446895368
330 0.0223449723
331 0.0223449723
332 -0.00751855974
333 0.103832541
334 -0.0150325127
335 0.00711899568
336 0.0510372649
337 -0.0077162064
338 0.0520133185
339 0.0591440314
340 0.0296665714
341 0.0446895368
342 -0.00751855974
343 0.236961331
344 0.198165005
345 1.24577243
346 0.140841685
347 0.0743563152
348 0.222727421
349 0.392255386
350 0.0446895368
351 0.356612625
352 0.126171177
353 0.11155012
354 0.126363244
355 0.870634949
356 0.0446895368
357 0.00731607173
358 0.0591440314
359 0.118691089
360 0.103446509
361 0.0146318031
362 0.0444940592
363 0.0743563152
364 0.372069831
365 -0.0225537063
366 0.0967320301
367 0.0442985721
368 0.0741620641
369 0.223291471
370 0.0371858497
371 0.00691929473
372 0.0446895368
373 0.0446895368
374 0.0444940592
375 0.543369961
376 0.252409182
377 0.014828512
378 0.0223449723
379 -0.00751855974
380 -0.00751855974
381 -0.00751855974
382 0.022148556
383 0.014828512
384 0.00731607173
385 0.014828512
386 0.0223449723
387 0.014828512
388 -0.00751855974
389 0.00711899568
390 0.335023435
391 0.0518181245
392 0.0223449723
393 0.0446895368
394 0.0670556278
395 0.0223449723
396 0.0814901596
397 -0.0152304529
398 0.0516229223
399 0.0670556278
400 0.215757863
401 0.453942586
402 0.103832541
403 -0.0150325127
404 0.0442985721
405 0.0371858497
406 -0.00751855974
407 0.0371858497
408 -0.0150325127
409 0.014828512
410 0.0446895368
411 0.0882057968
412 -0.00751855974
413 0.00652521436
414 0.0668610186
415 0.00731607173
416 0.26757275
417 0.372251557
418 0.4904761
419 0.193426738
420 0.126363244
421 -0.00751855974
422 0.0818780809
423 0.0146318031
424 0.0892074438
425 0.0296665714
426 0.0446895368
427 0.0446895368
428 0.230638602
429 0.0223449723
430 0.0591440314
431 0.00711899568
432 0.0894011109
433 0.0446895368
434 0.0965022565
435 0.558112146
436 0.104025556
437 0.022148556
438 0.0516229223
439 0.245245953
440 0.0446895368
441 0.103832541
442 -0.00751855974
443 -0.00751855974
444 0.00711899568
445 -0.0225537063
446 -0.0150325127
447 0.00731607173
448 0.0223449723
449 0.014828512
450 0.022148556
451 0.0296665714
452 0.0223449723
453 0.0223449723
454 0.0446895368
455 -0.000200698419
456 0.014828512
457 0.0520133185
458 0.0595338411
459 0.00731607173
460 0.00731607173
461 0.160393561
462 -0.00751855974
463 0.022148556
464 -0.00751855974
465 -0.0150325127
466 -3.34483592E-06
467 -0.0375809688
468 -3.34483592E-06
469 -0.00751855974
470 0.0223449723
471 -0.000200698419
472 0.0223449723
473 0.0371858497
474 0.0658630333
475 -0.00751855974
476 0.0965022565
477 0.0223449723
478 0.237897876
479 0.193048192
480 0.014828512
481 -0.0979146967
482 -0.0150325127
483 0.110779234
484 -0.0227520158
485 0.0668610186
486 0.0223449723
487 0.378025464
488 0.014828512
489 -0.0077162064
490 0.201968363
491 0.0223449723
492 0.0223449723
493 0.0296665714
494 0.141416117
495 0.0223449723
496 -3.34483592E-06
497 0.0670556278
498 0.0223449723
499 0.0446895368
500 0.0670556278
501 -0.00751855974
502 0.0223449723
503 0.0223449723
504 0.014828512
505 0.00731607173
506 0.0223449723
507 0.141224634
508 0.0818780809
509 0.0967320301
510 -0.0755563412
511 -0.000200698419
512 -0.0225537063
513 -0.00751855974
514 0.0223449723
515 -3.34483592E-06
516 -0.00751855974
517 -0.0150325127
518 -0.0077162064
519 -0.0150325127
520 0.0371858497
521 0.0369900072
522 0.0816841221
523 0.0894011109
524 -0.0225537063
525 0.0743563152
526 -0.00751855974
527 0.111742843
528 0.0146318031
529 -0.0603349406
530 0.111742843
531 0.104218571
532 0.0894011109
533 0.0223449723
534 0.0670556278
535 0.0223449723
536 0.0223449723
537 0.0223449723
538 -3.34483592E-06
539 -0.00751855974
540 0.0446895368
541 0.014828512
542 0.014828512
543 -0.00751855974
544 0.0442985721
545 0.0446895368
546 0.111742843
547 0.00731607173
548 0.0223449723
549 0.0223449723
550 -3.34483592E-06
551 0.014828512
552 -0.00751855974
553 -3.34483592E-06
554 0.31920408
555 -0.0225537063
556 0.014828512
557 0.0223449723
558 0.0446895368
559 -0.0450927089
560 -0.00751855974
561 0.014828512
562 0.0223449723
563 -3.34483592E-06
564 0.133697273
565 -0.0150325127
566 -0.00751855974
567 -0.0150325127
568 -0.00751855974
569 0.00731607173
570 -3.34483592E-06
571 -0.00751855974
572 0.00731607173
573 -0.0154284117
574 0.014828512
575 0.0223449723
576 -0.00751855974
577 0.0223449723
578 0.0223449723
579 0.118453986
580 0.0444940592
581 0.0446895368
582 0.0223449723
583 0.126603042
584 0.0223449723
585 -0.0225537063
586 -3.34483592E-06
587 0.0595338411
588 0.0739678082
589 0.0296665714
590 0.0223449723
591 -0.00751855974
592 0.0892074438
593 -3.34483592E-06
594 -0.00751855974
595 0.0146318031
596 -0.0302665724
597 -3.34483592E-06
598 0.0223449723
599 -0.00751855974
600 0.0446895368
601 0.0223449723
602 -0.0302665724
603 0.0223449723
604 -3.34483592E-06
605 -0.00751855974
606 0.00731607173
607 0.0223449723
608 -3.34483592E-06
609 -0.00751855974
610 -0.0150325127
611 0.0223449723
612 0.0223449723
613 0.0371858497
614 0.0223449723
615 -3.34483592E-06
616 0.014828512
617 0.0595338411
618 0.0223449723
619 -0.0150325127
620 0.036780282
621 0.0223449723
622 0.170901638
623 -0.0150325127
624 -0.0152304529
625 -0.00751855974
626 -0.00751855974
627 0.0446895368
628 -0.00751855974
629 0.0446895368
630 0.014828512
631 -0.0227520158
632 0.0731907345
633 0.0371858497
634 0.0223449723
635 0.0520133185
636 0.014828512
637 0.0223449723
638 0.0446895368
639 0.0670556278
640 0.0223449723
641 0.0296665714
642 -0.00751855974
643 -0.00751855974
644 -0.00751855974
645 -3.34483592E-06
646 0.014828512
647 -0.00751855974
648 -0.000200698419
649 -0.0077162064
650 -0.00751855974
651 0.0223449723
652 0.0223449723
653 0.0520133185
654 0.0446895368
655 -0.00751855974
656 0.00711899568
657 0.0146318031
658 0.207848303
659 -0.00751855974
660 -3.34483592E-06
661 -0.00751855974
662 0.0223449723
663 0.0223449723
664 0.0223449723
665 0.0223449723
666 0.00731607173
667 0.00731607173
668 0.0818780809
669 0.014828512
670 0.0444940592
671 0.104025556
672 0.0223449723
673 0.0595338411
674 -0.00751855974
675 0.0670556278
676 -0.135897454
677 0.0223449723
678 0.0223449723
679 -0.0150325127
680 0.00711899568
681 0.021755685
682 -0.00751855974
683 0.0591440314
684 -0.00751855974
685 0.0223449723
686 0.0369900072
687 -0.0150325127
688 0.014828512
689 0.0223449723
690 -3.34483592E-06
691 -0.00751855974
692 0.00731607173
693 0.104218571
694 0.0516229223
695 0.0223449723
696 0.0296665714
697 0.0444940592
698 0.104025556
699 0.0223449723
700 -0.0300679682
701 0.00731607173
702 0.0223449723
703 0.0818780809
704 -0.0152304529
705 -0.00751855974
706 -0.00751855974
707 0.0518181245
708 0.0444940592
709 0.0963089481
710 -0.00751855974
711 -0.00751855974
712 -3.34483592E-06
713 0.0446895368
714 -0.00751855974
715 -0.00751855974
716 0.0223449723
717 0.014828512
718 -0.00751855974
719 -0.0150325127
720 -0.0150325127
721 0.022148556
722 -0.0150325127
723 -0.0077162064
724 -0.00751855974
725 -0.00751855974
726 0.0223449723
727 -0.0150325127
728 -0.00751855974
729 -0.0150325127
730 -0.0300679682
731 0.0223449723
732 0.0223449723
733 0.0816841221
734 -0.0225537063
735 0.0593389398
736 -0.000200698419
737 0.0741620641
738 0.0223449723
739 -0.0077162064
740 0.0444940592
741 -0.00751855974
742 0.0223449723
743 -0.00751855974
744 0.014828512
745 0.0446895368
746 -0.00751855974
747 0.0223449723
748 -0.00751855974
749 -0.00751855974
750 0.0446895368
751 -0.0077162064
752 0.148562075
753 0.0371858497
754 -0.00751855974
755 0.00731607173
756 -0.0150325127
757 0.0894011109
758 0.0223449723
759 0.0223449723
760 -0.0150325127
761 -0.00751855974
762 -0.00751855974
763 0.014828512
764 0.0223449723
765 -3.34483592E-06
766 0.0446895368
767 0.021952127
768 0.0670556278
769 0.014828512
770 -3.34483592E-06
771 0.0296665714
772 0.0371858497
773 0.0520133185
774 0.00731607173
775 0.0223449723
776 0.400705281
777 0.0146318031
778 0.104218571
779 -0.00751855974
780 -0.0225537063
781 -0.0300679682
782 -0.00751855974
783 0.0894011109
784 0.0296665714
785 0.416344637
786 0.319876125
787 0.0223449723
788 0.014828512
789 0.104025556
790 0.0146318031
791 0.103832541
792 -0.0150325127
793 -0.00751855974
794 -0.00751855974
795 0.0223449723
796 0.014828512
797 -0.00751855974
798 -0.00751855974
799 0.014828512
800 0.0296665714
801 0.0223449723
802 -0.00751855974
803 0.0446895368
804 0.014828512
805 0.0223449723
806 0.0223449723
807 0.0146318031
808 0.00731607173
809 0.0593389398
810 0.0516229223
811 0.253156203
812 0.0223449723
813 0.0296665714
814 0.0890137743
815 -0.0150325127
816 0.0371858497
817 0.0223449723
818 -0.00751855974
819 0.104218571
820 0.00731607173
821 0.0371858497
822 0.0223449723
823 -3.34483592E-06
824 0.0223449723
825 0.0670556278
826 0.0223449723
827 0.0446895368
828 0.0223449723
829 -0.00751855974
830 0.0446895368
831 0.104025556
832 0.0371858497
833 0.0223449723
834 0.0892074438
835 -0.00751855974
836 0.0223449723
837 0.364704855
838 0.148944452
839 0.022148556
840 0.304053083
841 0.0446895368
842 0.0670556278
843 0.119075948
844 0.0446895368
845 0.156033405
846 0.0818780809
847 0.126603042
848 0.0223449723
849 0.00731607173
850 0.0446895368
851 -3.34483592E-06
852 0.014828512
853 0.0668610186
854 0.0371858497
855 -0.00751855974
856 0.0223449723
857 0.0223449723
858 0.0818780809
859 0.0595338411
860 0.0743563152
861 0.371706504
862 0.171091871
863 0.0223449723
864 0.148944452
865 0.178433062
866 0.0223449723
867 0.0595338411
868 0.0223449723
869 0.0223449723
870 0.0296665714
871 0.0371858497
872 0.0446895368
873 -0.0150325127
874 0.16375254
875 0.141224634
876 -0.0150325127
877 0.282835391
878 0.0670556278
879 0.0816841221
880 0.0818780809
881 0.014828512
882 0.0371858497
883 0.014828512
884 0.0741620641
885 0.171091871
886 0.014828512
887 -0.000200698419
888 0.0670556278
889 0.0223449723
890 0.156224231
891 0.126603042
892 0.0223449723
893 0.0670556278
894 0.0371858497
895 0.0223449723
896 0.0743563152
897 -0.00751855974
898 0.014828512
899 -3.34483592E-06
900 -0.00751855974
901 0.0223449723
902 0.0446895368
903 0.126603042
904 0.0816841221
905 -0.00751855974
906 -0.000200698419
907 0.0223449723
908 0.0223449723
909 0.11155012
910 0.0595338411
911 0.0818780809
912 0.0446895368
913 0.0223449723
914 -0.0150325127
915 0.0892074438
916 0.282278923
917 0.104218571
918 -3.34483592E-06
919 0.111742843
920 0.0446895368
921 0.16375254
922 0.0371858497
923 0.0967320301
924 0.022148556
925 0.014828512
926 0.0223449723
927 0.11155012
928 0.0223449723
929 -3.34483592E-06
930 0.0223449723
931 0.0223449723
932 0.0520133185
933 0.0296665714
934 -0.00079285741
935 0.0892074438
936 -0.00751855974
937 0.0223449723
938 0.104218571
939 0.0595338411
940 -0.00751855974
941 0.0446895368
942 0.349747109
943 0.014828512
944 0.0743563152
945 0.0223449723
946 -0.00751855974
947 0.178433062
948 -3.34483592E-06
949 -0.00751855974
950 0.0595338411
951 0.104218571
952 0.0520133185
953 -0.00751855974
954 0.0892074438
955 -0.00751855974
956 -0.0225537063
957 -0.0150325127
958 0.014828512
959 0.0292742884
960 0.163562006
961 -0.000200698419
962 0.00731607173
963 -0.00751855974
964 0.0520133185
965 0.0446895368
966 0.0296665714
967 0.163562006
968 0.0223449723
969 0.0223449723
970 -0.00751855974
971 0.0894011109
972 0.0371858497
973 0.148944452
974 0.104218571
975 -0.000200698419
976 -0.0225537063
977 0.0223449723
978 -3.34483592E-06
979 -0.00751855974
980 0.0371858497
981 0.014828512
982 0.014828512
983 0.104025556
984 0.375572704
985 -0.00751855974
986 0.252595903
987 0.245433011
988 0.0144350802
989 0.11155012
990 -0.0225537063
991 -3.34483592E-06
992 0.0223449723
993 0.0223449723
994 0.0446895368
995 0.0223449723
996 0.014828512
997 0.0223449723
998 -3.34483592E-06
999 -3.34483592E-06
1000 -3.34483592E-06
1001 0.014828512
1002 -0.00751855974
1003 0.0741620641
1004 0.126363244
1005 -0.0300679682
1006 0.0146318031
1007 0.594457091
1008 0.00731607173
1009 0.0371858497
1010 0.0967320301
1011 0.0593389398
1012 0.0223449723
1013 0.0146318031
1014 0.0369900072
1015 0.00731607173
1016 0.170901638
1017 0.104218571
1018 0.0892074438
1019 -0.00751855974
1020 -0.0077162064
1021 0.0223449723
1022 -0.0150325127
1023 -0.0304651976
1024 0.014828512
1025 -0.0225537063
1026 0.0818780809
1027 0.021952127
1028 -0.00751855974
1029 -0.0150325127
1030 -0.000200698419
1031 0.0223449723
1032 0.0223449723
1033 0.0223449723
1034 -0.0152304529
1035 -0.0452919037
1036 0.021952127
1037 0.0516229223
1038 0.0296665714
1039 -0.0154284117
1040 0.022148556
1041 0.022148556
1042 0.0369900072
1043 0.134080827
1044 0.0146318031
1045 0.036780282
1046 0.520339659
1047 0.453408325
1048 0.378931096
1049 0.0446895368
1050 0.0442985721
1051 0.506118556
1052 0.022148556
1053 0.104218571
1054 0.268046022
1055 0.0520133185
1056 0.0818780809
1057 0.0223449723
1058 0.11155012
1059 0.0518181245
1060 0.126363244
1061 0.111164675
1062 0.163562006
1063 0.0371858497
1064 0.111742843
1065 0.193616032
1066 0.408794605
1067 0.111742843
1068 0.156224231
1069 0.155842587
1070 0.0446895368
1071 0.0359970527
1072 0.0520133185
1073 0.0223449723
1074 0.014828512
1075 0.0446895368
1076 0.0446895368
1077 -0.00751855974
1078 0.0670556278
1079 0.0670556278
1080 0.014828512
1081 -0.0225537063
1082 0.0292742884
1083 -0.0231399664
1084 0.0967320301
1085 0.0520133185
1086 0.0223449723
1087 0.0741620641
1088 0.022148556
1089 -0.00751855974
1090 -0.00751855974
1091 0.0223449723
1092 0.0816841221
1093 0.014828512
1094 0.036780282
1095 0.0144350802
1096 -0.00751855974
1097 -0.00751855974
1098 0.0670556278
1099 0.0444940592
1100 0.0223449723
1101 0.00731607173
1102 0.0818780809
1103 0.021952127
1104 0.0446895368
1105 0.0520133185
1106 0.0223449723
1107 0.104218571
1108 0.0369900072
1109 0.0670556278
1110 0.0371858497
1111 0.0446895368
1112 0.0371858497
1113 0.0223449723
1114 -0.0150325127
1115 -0.0300679682
1116 0.014828512
1117 0.014828512
1118 0.0595338411
1119 0.0223449723
1120 0.014828512
1121 -0.00791387055
1122 0.0371858497
1123 0.014828512
1124 0.0296665714
1125 -0.0154284117
1126 0.0595338411
1127 0.0444940592
1128 -0.00751855974
1129 -3.34483592E-06
1130 -0.0150325127
1131 0.0223449723
1132 -0.00850696889
1133 0.279474299
1134 0.00613107206
1135 0.16375254
1136 0.0816841221
1137 0.0818780809
1138 0.178175931
1139 0.0369900072
1140 0.133121975
1141 -0.000398068315
1142 0.0595338411
1143 0.0670556278
1144 -0.0769315252
1145 0.00731607173
1146 0.668477377
1147 -0.159632904
1148 0.133889048
1149 0.118069277
1150 0.0520133185
1151 0.111357397
1152 0.0223449723
1153 0.378749885
1154 0.0595338411
1155 0.0223449723
1156 0.0444940592
1157 0.401938313
1158 0.00691929473
1159 0.362568081
1160 0.214816404
1161 0.0371858497
1162 0.185326956
1163 0.0294704357
1164 -0.00751855974
1165 0.0144350802
1166 0.0799081697
1167 0.0371858497
1168 0.0967320301
1169 -3.34483592E-06
1170 0.445488017
1171 -0.189708404
1172 -0.0450927089
1173 0.20077012
1174 0.805811229
1175 0.0518181245
1176 0.126171177
1177 0.23779349
1178 0.02155923
1179 0.00691929473
1180 -0.0150325127
1181 0.508566226
1182 0.00731607173
1183 1.94864794
1184 -0.0302665724
1185 0.0294704357
1186 0.0296665714
1187 0.0595338411
1188 0.014828512
1189 0.0844627914
1190 0.930336164
1191 0.0801020939
1192 -0.00909679676
1193 -0.0678460269
1194 -0.0526230273
1195 0.00652521436
1196 -0.0462882304
1197 -0.0152304529
1198 -0.000200698419
1199 0.0437120539
1200 -0.0227520158
1201 0.0223449723
1202 0.036780282
1203 0.0442985721
1204 0.0296665714
1205 0.0223449723
1206 -0.00751855974
1207 0.0714150513
1208 -0.217140713
1209 0.0146318031
1210 -0.00751855974
1211 0.140841685
1212 0.132930217
1213 -0.0834668698
1214 0.0446895368
1215 0.00731607173
1216 0.0589491157
1217 0.0646710934
1218 0.0446895368
1219 -0.0300679682
1220 -0.0225537063
1221 0.171278324
1222 0.012462358
1223 0.0514277117
1224 -0.0375809688
1225 0.0714150513
1226 0.372433324
1227 0.0371858497
1228 0.0670556278
1229 0.0446895368
1230 0.0446895368
1231 0.0446895368
1232 0.014828512
1233 0.0446895368
1234 0.0446895368
1235 0.0446895368
1236 0.0446895368
1237 0.0223449723
1238 0.0446895368
1239 0.0595338411
1240 0.014828512
1241 0.0446895368
1242 0.0371858497
1243 0.0223449723
1244 0.0223449723
1245 0.0446895368
1246 -0.105825882
1247 -0.0225537063
1248 -0.0375809688
1249 0.0296665714
1250 0.247281882
1251 0.00731607173
1252 -0.00751855974
1253 -0.0603349406
1254 1.91105058
1255 0.198617242
1256 -0.118465537
1257 -0.00079285741
1258 -0.000398068315
1259 0.0595338411
1260 -0.0156263893
1261 -0.0077162064
1262 -0.0150325127
1263 -0.120838564
1264 -3.34483592E-06
1265 -0.0150325127
1266 -0.0227520158
1267 0.257518019
1268 0.385755219
1269 0.327787995
1270 0.0818780809
1271 0.0894011109
1272 -0.00830925171
1273 0.318285645
1274 0.178433062
1275 -0.0225537063
1276 0.0520133185
1277 0.0446895368
1278 0.402118785
1279 -0.00751855974
1280 0.753148039
1281 0.177986079
1282 -0.138213446
1283 0.124826793
1284 0.111357397
1285 0.00691929473
1286 0.0294704357
1287 0.0516229223
1288 0.156033405
1289 -3.34483592E-06
1290 0.0520133185
1291 0.0670556278
1292 0.0369900072
1293 -0.00751855974
1294 0.014828512
1295 0.0595338411
1296 0.0371858497
1297 0.0595338411
1298 0.0595338411
1299 -3.34483592E-06
1300 0.200959109
1301 0.0520133185
1302 0.0595338411
1303 -0.00751855974
1304 0.014828512
1305 0.141033157
1306 0.014828512
1307 0.014828512
1308 0.0444940592
1309 0.00731607173
1310 0.0670556278
1311 0.0223449723
1312 0.0818780809
1313 0.0894011109
1314 0.104218571
1315 0.0520133185
1316 0.0743563152
1317 -0.000200698419
1318 0.148944452
1319 0.0223449723
1320 0.0670556278
1321 0.00731607173
1322 0.0520133185
1323 0.0818780809
1324 -0.000200698419
1325 0.0223449723
1326 -0.0225537063
1327 0.0446895368
1328 0.0146318031
1329 0.014828512
1330 0.0223449723
1331 0.104218571
1332 0.0223449723
1333 0.0595338411
1334 0.0371858497
1335 -0.0150325127
1336 0.014828512
1337 -0.00751855974
1338 0.0446895368
1339 0.0223449723
1340 0.0670556278
1341 0.0146318031
1342 0.0223449723
1343 0.014828512
1344 0.171091871
1345 -3.34483592E-06
1346 0.0223449723
1347 0.0223449723
1348 0.022148556
1349 -0.0375809688
1350 0.014828512
1351 -3.34483592E-06
1352 0.0670556278
1353 0.0446895368
1354 0.207282593
1355 0.555306115
1356 0.00652521436
1357 -0.0300679682
1358 0.0656684586
1359 -0.0543994981
1360 0.0144350802
1361 0.0892074438
1362 -0.000398068315
1363 -0.000200698419
1364 0.0666412692
1365 -0.00791387055
1366 0.0136480465
1367 0.0814901596
1368 -0.0150325127
1369 0.0892074438
1370 0.0658630333
1371 0.0520133185
1372 0.381176901
1373 0.422124211
1374 0.169886538
1375 0.386116838
1376 0.0516229223
1377 -0.00830925171
1378 0.0223449723
1379 -0.00751855974
1380 0.0146318031
1381 0.282278923
1382 0.0296665714
1383 -0.00751855974
1384 0.109966873
1385 0.0741620641
1386 0.014828512
1387 -0.0300679682
1388 0.0294704357
1389 -0.0237349085
1390 -0.0300679682
1391 0.103639525
1392 0.0369900072
1393 -0.0375809688
1394 -0.000200698419
1395 0.0446895368
1396 0.266642634
1397 -0.000200698419
1398 0.00731607173
1399 0.156033405
1400 0.0223449723
1401 -0.00751855974
1402 -0.00751855974
1403 -0.00751855974
1404 -0.0601350764
1405 0.0735792815
1406 -0.00751855974
1407 0.014828512
1408 0.014828512
1409 -0.00751855974
1410 -0.0152304529
1411 0.014828512
1412 0.022148556
1413 -0.0077162064
1414 0.0144350802
1415 0.140841685
1416 -0.0154284117
1417 0.0668610186
1418 0.0294704357
1419 0.0292742884
1420 0.0587320415
1421 0.200392187
1422 0.37911235
1423 0.155651777
1424 0.0520133185
1425 0.0371858497
1426 0.0892074438
1427 -0.0452919037
1428 0.104218571
1429 0.0446895368
1430 0.0743563152
1431 0.0442985721
1432 -0.0077162064
1433 -0.00751855974
1434 -0.00751855974
1435 0.0446895368
1436 -0.00751855974
1437 0.0446895368
1438 0.126603042
1439 0.0589491157
1440 0.14875326
1441 0.0446895368
1442 0.133889048
1443 0.0296665714
1444 0.014828512
1445 -0.0150325127
1446 0.014828512
1447 0.223291471
1448 0.0223449723
1449 0.0804899293
1450 0.118883517
1451 -0.0227520158
1452 -0.0150325127
1453 0.148944452
1454 -0.00751855974
1455 -0.00751855974
1456 -0.000200698419
1457 0.0818780809
1458 0.0670556278
1459 0.0223449723
1460 0.0371858497
1461 -0.00751855974
1462 0.0668610186
1463 0.104218571
1464 0.0296665714
1465 0.0595338411
1466 0.0223449723
1467 0.0223449723
1468 0.171282115
1469 0.282649874
1470 0.0446895368
1471 0.0223449723
1472 0.0223449723
1473 0.014828512
1474 0.014828512
1475 0.0666412692
1476 0.0290781292
1477 0.0223449723
1478 0.141033157
1479 0.17488389
1480 0.0520133185
1481 0.0446895368
1482 0.155842587
1483 -0.0156263893
1484 0.526130303
1485 0.304975404
1486 0.37011516
1487 0.438300826
1488 0.526652965
1489 0.0593389398
1490 0.0739678082
1491 0.259663381
1492 0.0668610186
1493 0.0591440314
1494 0.185895634
1495 0.0296665714
1496 0.0294704357
1497 0.148562075
1498 0.014828512
1499 0.229988743
1500 -3.34483592E-06
1501 0.230638602
1502 -3.34483592E-06
1503 0.014828512
1504 0.0144350802
1505 0.0595338411
1506 0.0591440314
1507 -0.00751855974
1508 -0.0225537063
1509 0.0223449723
1510 -0.00751855974
1511 0.014828512
1512 0.0959223269
1513 -0.000200698419
1514 -0.000398068315
1515 0.385429105
1516 0.0296665714
1517 0.794442295
1518 0.022148556
1519 0.014828512
1520 0.163562006
1521 0.654764482
1522 0.0371858497
1523 0.267758849
1524 0.245245953
1525 0.208036904
1526 0.126363244
1527 0.451125657
1528 0.115140676
1529 0.397708402
1530 0.146977363
1531 0.162799958
1532 0.0365844908
1533 0.0510372649
1534 0.0365844908
1535 -0.00791387055
1536 0.364685153
1537 0.474482388
1538 0.0142383432
1539 0.104025556
1540 -0.0227520158
1541 0.0581474431
1542 0.0510372649
1543 0.0296665714
1544 0.36293124
1545 0.119075948
1546 0.163180964
1547 0.303754147
1548 0.180009552
1549 1.04240178
1550 0.384887296
1551 0.014828512
1552 0.0444940592
1553 0.0446895368
1554 -0.0152304529
1555 0.0593389398
1556 -0.00751855974
1557 0.00731607173
1558 -0.109744612
1559 0.623637472
1560 0.118883517
1561 0.110971954
1562 0.0591440314
1563 0.215757863
1564 0.0892074438
1565 0.0371858497
1566 0.340245149
1567 0.267014606
1568 1.19131468
1569 0.673580821
1570 0.364704855
1571 0.245620091
1572 0.46149737
1573 0.273707518
1574 0.0223449723
1575 0.184309888
1576 -0.00811155229
1577 0.014828512
1578 0.0444940592
1579 0.735038822
1580 0.20077012
1581 0.0591440314
1582 0.74150785
1583 -0.0150325127
1584 0.0965022565
1585 0.0223449723
1586 -0.0249159459
1587 0.014828512
1588 0.014828512
1589 -0.0229416925
1590 0.0816841221
1591 0.148123855
1592 0.178175931
1593 0.0593389398
1594 -0.0077162064
1595 0.178175931
1596 0.451993037
1597 0.111742843
1598 -0.030663844
1599 0.156033405
1600 0.531208588
1601 0.0223449723
1602 0.361343234
1603 0.00672226224
1604 0.265798728
1605 -0.030663844
1606 0.0959223269
1607 0.0369900072
1608 0.0444940592
1609 0.170521203
1610 -0.000200698419
1611 0.244684909
1612 0.264027899
1613 0.275296486
1614 0.125210888
1615 0.104025556
1616 -0.000200698419
1617 0.163180964
1618 0.014828512
1619 0.535634095
1620 0.193237458
1621 0.260320608
1622 0.0502373147
1623 0.0520133185
1624 -0.154858741
1625 0.0888201023
1626 0.131730052
1627 0.014828512
1628 -0.000200698419
1629 0.13096342
1630 0.0371858497
1631 0.163562006
1632 0.0223449723
1633 0.103832541
1634 0.0223449723
1635 -0.00751855974
1636 0.0142383432
1637 0.0369900072
1638 0.0296665714
1639 0.0128559318
1640 0.0518181245
1641 -0.00850696889
1642 0.0595338411
1643 0.022148556
1644 -0.0300679682
1645 0.147932757
1646 -0.00158203857
1647 0.036780282
1648 0.20077012
1649 0.0876249493
1650 0.155842587
1651 0.104218571
1652 -3.34483592E-06
1653 0.00731607173
1654 0.00711899568
1655 0.0437120539
1656 0.0737735473
1657 0.237710526
1658 0.125787052
1659 0.0733850106
1660 0.104218571
1661 0.0668610186
1662 -0.00751855974
1663 0.0664467195
1664 0.733091239
1665 0.0154388288
1666 0.199183581
1667 0.0664467195
1668 0.140405802
1669 0.502757128
1670 0.0296665714
1671 0.244497937
1672 0.117492226
1673 1.58046072
1674 0.654573542
1675 0.0818780809
1676 0.0666412692
1677 0.510489439
1678 0.0743563152
1679 0.00711899568
1680 0.31865292
1681 -0.0150325127
1682 -0.0156263893
1683 0.014828512
1684 0.0892074438
1685 0.659984786
1686 -0.0225537063
1687 0.134080827
1688 0.0444940592
1689 0.0146318031
1690 -0.0383249181
1691 -0.00256927047
1692 0.132113389
1693 0.301614924
1694 0.215381228
1695 0.11155012
1696 0.109581576
1697 0.141033157
1698 0.0818780809
1699 0.021952127
1700 -0.0302665724
1701 0.00711899568
1702 0.014828512
1703 0.161215441
1704 0.0806838407
1705 0.472012868
1706 -0.0609117129
1707 -0.0150325127
1708 0.0369900072
1709 0.00731607173
1710 0.00711899568
1711 0.133697273
1712 0.103832541
1713 0.245058917
1714 0.230638602
1715 0.0441030757
1716 0.022148556
1717 -0.109583684
1718 0.831264898
1719 0.0816841221
1720 0.0369900072
1721 0.0371858497
1722 0.952167174
1723 -0.00751855974
1724 0.0670556278
1725 0.443383474
1726 0.0444940592
1727 0.624147921
1728 0.103639525
1729 0.0890137743
1730 0.0294704357
1731 0.176657417
1732 0.014828512
1733 0.520689886
1734 0.0666412692
1735 0.103639525
1736 0.182794939
1737 0.324791011
1738 0.0872377019
1739 0.662640362
1740 1.19149448
1741 0.0510372649
1742 0.0146318031
1743 0.208036904
1744 0.125787052
1745 0.631036296
1746 0.036388689
1747 0.282278923
1748 0.53586978
1749 0.00731607173
1750 0.279844255
1751 0.0587320415
1752 -0.0601350764
1753 -0.0225537063
1754 -3.34483592E-06
1755 0.208304049
1756 0.0595338411
1757 0.014828512
1758 -0.0300679682
1759 -3.34483592E-06
1760 0.154258133
1761 0.0733850106
1762 0.0739678082
1763 0.021952127
1764 -0.105422319
1765 0.014828512
1766 -3.34483592E-06
1767 -0.0403523863
1768 0.014828512
1769 -0.00751855974
1770 0.0296665714
1771 0.878542724
1772 0.133313737
1773 0.0223449723
1774 0.00711899568
1775 0.0894011109
1776 -0.00751855974
1777 -0.00751855974
1778 0.327113637
1779 0.0890137743
1780 1.06602331
1781 -0.00751855974
1782 0.0223449723
1783 0.0223449723
1784 0.267014606
1785 0.0816841221
1786 0.578299169
1787 0.806130025
1788 0.0371858497
1789 -0.0456903635
1790 0.236399646
1791 0.972223838
1792 0.0670556278
1793 1.63905999
1794 0.260134156
1795 0.0444940592
1796 0.014828512
1797 0.0967320301
1798 0.0223449723
1799 0.0894011109
1800 0.185706062
1801 0.0446895368
1802 0.178812956
1803 0.0223449723
1804 0.0446895368
1805 0.274924898
1806 0.0223449723
1807 0.00731607173
1808 0.0668610186
1809 0.0296665714
1810 1.6860218
1811 -0.0150325127
1812 0.0292742884
1813 0.876463829
1814 0.014828512
1815 0.341158304
1816 0.222915419
1817 0.0223449723
1818 0.0223449723
1819 0.00731607173
1820 0.476253815
1821 0.014828512
1822 0.0967320301
1823 0.0223449723
1824 0.0664467195
1825 -3.34483592E-06
1826 0.213042433
1827 0.0953423828
1828 -0.0377798681
1829 1.21088903
1830 0.699186444
1831 0.304790878
1832 -0.0458896287
1833 0.0146318031
1834 0.132738463
1835 0.757811056
1836 0.119075948
1837 0.119075948
1838 -0.0229416925
1839 2.93256803
1840 0.177986079
1841 0.201148112
1842 -3.34483592E-06
1843 1.86817059
1844 -0.0152304529
1845 -0.0318441562
1846 -0.0300679682
1847 0.586942888
1848 0.415290246
1849 0.488882971
1850 0.021952127
1851 0.0506276873
1852 0.0146318031
1853 -3.34483592E-06
1854 0.014828512
1855 0.0296665714
1856 0.0446895368
1857 0.564423056
1858 -0.0150325127
1859 0.0441030757
1860 0.630866685
1861 0.401757888
1862 -0.00751855974
1863 -0.00138464338
1864 0.0595338411
1865 -0.00751855974
1866 0.0296665714
1867 -0.0150325127
1868 0.326930111
1869 0.215192936
1870 0.118691089
1871 0.021952127
1872 0.0818780809
1873 0.014828512
1874 0.215569537
1875 0.0223449723
1876 0.0446895368
1877 0.0223449723
1878 0.0587320415
1879 -0.00751855974
1880 0.0371858497
1881 0.0369900072
1882 -0.0150325127
1883 0.0371858497
1884 0.0296665714
1885 0.185137421
1886 0.0965022565
1887 0.830625594
1888 -1.74341362
1889 0.0595338411
1890 0.0811022233
1891 0.0888201023
1892 0.222079774
1893 0.974436408
1894 0.178623003
1895 0.0520133185
1896 0.133505503
1897 0.162990457
1898 0.0967320301
1899 0.0223449723
1900 0.638775779
1901 0.147741666
1902 0.00711899568
1903 0.0518181245
1904 -0.0692218019
1905 0.575296326
1906 2.00864571
1907 2.02907152
1908 0.310558997
1909 0.0670556278
1910 -0.0150325127
1911 -0.0225537063
1912 0.171282115
1913 0.200127762
1914 -0.0150325127
1915 0.0425227116
1916 -0.0225537063
1917 0.245433011
1918 0.104025556
1919 0.4904761
1920 -0.0302665724
1921 0.0369900072
1922 0.014828512
1923 0.0146318031
1924 0.344801166
1925 0.140650218
1926 0.0444940592
1927 0.0144555427
1928 0.178623003
1929 0.104218571
1930 0.386116838
1931 0.423198405
1932 0.533864541
1933 0.0520133185
1934 0.697256014
1935 0.133505503
1936 0.305159961
1937 -0.0225537063
1938 -0.0231399664
1939 0.0670556278
1940 0.0294704357
1941 -0.0156263893
1942 -0.000595454614
1943 0.0743563152
1944 0.0446895368
1945 0.0446895368
1946 0.0223449723
1947 0.31920408
1948 -0.00751855974
1949 0.014828512
1950 -0.000200698419
1951 0.281431185
1952 0.0963089481
1953 0.0369900072
1954 0.0739678082
1955 0.118691089
1956 0.0296665714
1957 0.0223449723
1958 -0.0158243858
1959 -0.00751855974
1960 0.0965022565
1961 0.0371858497
1962 0.0743563152
1963 -0.0225537063
1964 0.0292742884
1965 0.647024084
1966 0.0518181245
1967 0.0595338411
1968 -0.0150325127
1969 0.0595338411
1970 0.014828512
1971 0.0223449723
1972 -0.00751855974
1973 0.0371858497
1974 0.0446895368
1975 0.014828512
1976 0.215946205
1977 0.0818780809
1978 0.0223449723
1979 -0.0150325127
1980 0.014828512
1981 0.014828512
1982 0.021952127
1983 -0.0751553956
1984 -0.00751855974
1985 0.0223449723
1986 0.022148556
1987 0.0223449723
1988 0.0223449723
1989 0.0146318031
1990 -0.0077162064
1991 -0.00751855974
1992 -0.00751855974
1993 -0.00751855974
1994 -0.0152304529
1995 -0.00791387055
1996 0.0146318031
1997 0.0223449723
1998 0.0223449723
1999 0.0371858497
2000 -0.00751855974
2001 -0.00751855974
2002 0.0296665714
2003 -0.0225537063
2004 -0.00751855974
2005 0.0371858497
2006 -0.00751855974
2007 0.0223449723
2008 0.0223449723
2009 0.0223449723
2010 0.00731607173
2011 -0.00751855974
2012 -0.0225537063
2013 0.014828512
2014 -3.34483592E-06
2015 -0.00751855974
2016 0.0223449723
2017 0.178812956
2018 -0.0150325127
2019 -0.0601350764
2020 0.0520133185
2021 -0.0225537063
2022 -0.00751855974
2023 0.014828512
2024 -0.0225537063
2025 0.0223449723
2026 0.0371858497
2027 0.014828512
2028 0.0371858497
2029 -0.0077162064
2030 0.28775263
2031 0.0520133185
2032 0.0595338411
2033 -0.000200698419
2034 -0.0300679682
2035 0.0890137743
2036 0.014828512
2037 0.0128559318
2038 -0.0601350764
2039 -0.00751855974
2040 0.0140415919
2041 0.0735792815
2042 0.0965022565
2043 0.282464385
2044 -0.0150325127
2045 0.0814901596
2046 0.0223449723
2047 -0.00751855974
2048 -0.00751855974
2049 -0.000200698419
2050 0.288970553
2051 0.207282593
2052 2.34820362
2053 0.214628162
2054 0.0296665714
2055 -0.00751855974
2056 0.111164675
2057 0.0518181245
2058 0.0670556278
2059 0.0967320301
2060 -0.0150325127
2061 -0.0150325127
2062 0.0223449723
2063 0.0223449723
2064 -0.00751855974
2065 -0.00751855974
2066 -0.00751855974
2067 -0.0150325127
2068 0.0446895368
2069 0.0520133185
2070 0.0446895368
2071 0.0223449723
2072 -0.00751855974
2073 0.0577576729
2074 -0.000200698419
2075 -0.00751855974
2076 0.104025556
2077 0.0223449723
2078 -0.00751855974
2079 -3.34483592E-06
2080 0.0371858497
2081 0.0296665714
2082 -0.000200698419
2083 0.28087547
2084 0.445497449
2085 0.659481305
2086 0.160583827
2087 0.0296665714
2088 -0.0227520158
2089 0.00711899568
2090 -0.0150325127
2091 0.0818780809
2092 0.526827315
2093 0.0296665714
2094 0.134080827
2095 0.014828512
2096 0.0223449723
2097 -0.0150325127
2098 0.022148556
2099 0.126363244
2100 0.11155012
2101 0.719217634
2102 0.0223449723
2103 -0.00751855974
2104 0.289340572
2105 0.141416117
2106 0.0520133185
2107 0.467635192
2108 0.0520133185
2109 0.0223449723
2110 0.19956121
2111 0.014828512
2112 0.014828512
2113 0.00731607173
2114 -0.00751855974
2115 0.00691929473
2116 0.735855994
2117 -0.0308508759
2118 -0.00751855974
2119 -0.00751855974
2120 0.0146318031
2121 -0.0077162064
2122 0.014828512
2123 0.0670556278
2124 -0.0150325127
2125 0.0444940592
2126 0.0223449723
2127 0.222727421
2128 0.913924104
2129 0.0892074438
2130 -0.0150325127
2131 -0.00751855974
2132 0.0670556278
2133 0.0444940592
2134 -0.00751855974
2135 -0.00751855974
2136 0.0223449723
2137 0.0812961933
2138 0.0223449723
2139 0.0967320301
2140 0.294738986
2141 0.453764445
2142 0.207848303
2143 0.0223449723
2144 0.0894011109
2145 0.0431254481
2146 0.021952127
2147 -0.0243300336
2148 -0.0528026798
2149 0.022148556
2150 0.0371858497
2151 0.022148556
2152 -0.000200698419
2153 0.126363244
2154 0.014828512
2155 -0.00751855974
2156 -0.000200698419
2157 0.0296665714
2158 0.260134156
2159 0.104025556
2160 0.014828512
2161 0.0668610186
2162 0.238175035
2163 0.0444940592
2164 0.0371858497
2165 0.126603042
2166 0.252595903
2167 0.0595338411
2168 0.0223449723
2169 0.014828512
2170 -0.00751855974
2171 0.0223449723
2172 0.0223449723
2173 0.0223449723
2174 -0.0150325127
2175 0.0223449723
2176 0.014828512
2177 0.0371858497
2178 0.0670556278
2179 0.0371858497
2180 0.260507083
2181 -3.34483592E-06
2182 0.104218571
2183 -0.00751855974
2184 -0.00751855974
2185 0.0146318031
2186 0.169886538
2187 0.0668610186
2188 0.11155012
2189 0.0741620641
2190 0.0965022565
2191 0.0814901596
2192 0.104025556
2193 -0.0225537063
2194 0.0446895368
2195 0.192858939
2196 -0.0150325127
2197 0.0223449723
2198 0.0816841221
2199 0.0223449723
2200 0.00731607173
2201 0.126171177
2202 0.0444940592
2203 -0.00751855974
2204 -0.0450927089
2205 0.29000514
2206 -0.00751855974
2207 -0.0375809688
2208 0.14875326
2209 -0.000595454614
2210 0.014828512
2211 0.0296665714
2212 -0.00751855974
2213 0.00691929473
2214 0.0223449723
2215 0.0446895368
2216 -0.0150325127
2217 -0.00751855974
2218 0.036780282
2219 0.0591440314
2220 0.0144350802
2221 0.20077012
2222 0.0890137743
2223 0.0223449723
2224 0.0721920385
2225 1.04146305
2226 0.753980493
2227 0.0814901596
2228 0.0892074438
2229 0.0223449723
2230 0.014828512
2231 0.0223449723
2232 -0.00079285741
2233 0.00731607173
2234 0.0518181245
2235 0.183552322
2236 0.206717024
2237 0.108577379
2238 -0.000200698419
2239 0.014828512
2240 0.00731607173
2241 0.0223449723
2242 0.0967320301
2243 0.0223449723
2244 0.0223449723
2245 0.0296665714
2246 0.0591440314
2247 -0.0300679682
2248 -0.0607118484
2249 0.0223449723
2250 0.104218571
2251 0.0668610186
2252 0.126603042
2253 -0.00751855974
2254 0.0446895368
2255 0.0223449723
2256 0.021755685
2257 -0.0300679682
2258 -0.00751855974
2259 0.111164675
2260 -0.0152304529
2261 0.104025556
2262 0.126603042
2263 0.0595338411
2264 0.222727421
2265 -0.00751855974
2266 0.014828512
2267 0.0144350802
2268 0.00711899568
2269 0.0518181245
2270 0.215192936
2271 -0.000200698419
2272 0.0593389398
2273 0.55724492
2274 0.118453986
2275 0.0223449723
2276 -0.0077162064
2277 0.0223449723
2278 0.0213627618
2279 -0.0225537063
2280 -0.00751855974
2281 -0.00751855974
2282 0.0587320415
2283 0.0965022565
2284 -0.000200698419
2285 0.0223449723
2286 0.0223449723
2287 0.0967320301
2288 3.10826225
2289 1.61719593
2290 0.0965022565
2291 0.0743563152
2292 -0.00811155229
2293 0.184947898
2294 -0.0150325127
2295 0.00731607173
2296 0.0294704357
2297 0.00731607173
2298 0.0223449723
2299 0.014828512
2300 0.0593389398
2301 0.014828512
2302 0.104218571
2303 0.0444940592
2304 0.0223449723
2305 0.0223449723
2306 0.022148556
2307 0.0223449723
2308 0.0223449723
2309 0.00691929473
2310 0.014828512
2311 0.0446895368
2312 0.0965022565
2313 0.028871069
2314 -0.000200698419
2315 -0.0377798681
2316 0.0371858497
2317 0.0146318031
2318 0.0595338411
2319 -0.000200698419
2320 0.0223449723
2321 -0.0077162064
2322 -0.00751855974
2323 -0.0150325127
2324 0.0223449723
2325 -0.00751855974
2326 0.0371858497
2327 0.0296665714
2328 0.0516229223
2329 0.408434772
2330 0.162799958
2331 -3.34483592E-06
2332 0.0446895368
2333 0.0223449723
2334 0.014828512
2335 0.0446895368
2336 0.0446895368
2337 0.0371858497
2338 -0.0150325127
2339 0.014828512
2340 0.163562006
2341 0.021952127
2342 0.104025556
2343 0.0668610186
2344 -0.00751855974
2345 0.16337148
2346 0.0890137743
2347 0.014828512
2348 0.0595338411
2349 -0.0150325127
2350 0.0296665714
2351 0.00731607173
2352 0.014828512
2353 0.0146318031
2354 0.0743563152
2355 0.0371858497
2356 -0.000398068315
2357 -0.0302665724
2358 -0.0150325127
2359 -0.0158243858
2360 0.0520133185
2361 0.0514277117
2362 -0.000595454614
2363 0.0516229223
2364 0.0369900072
2365 0.193426738
2366 0.00731607173
2367 0.0223449723
2368 -0.00751855974
2369 0.0223449723
2370 0.0223449723
2371 -0.00751855974
2372 -0.00751855974
2373 0.0146318031
2374 0.0444940592
2375 -0.0150325127
2376 -0.0150325127
2377 0.177986079
2378 0.0814901596
2379 0.126171177
2380 0.028871069
2381 0.0369900072
2382 -0.00751855974
2383 0.0520133185
2384 0.0207654453
2385 0.163562006
2386 -0.00751855974
2387 0.0446895368
2388 0.0444940592
2389 0.0223449723
2390 0.0595338411
2391 0.036780282
2392 -0.00751855974
2393 0.0739678082
2394 0.193048192
2395 0.022148556
2396 0.014828512
2397 0.028871069
2398 0.00731607173
2399 0.0595338411
2400 0.0593389398
2401 0.0146318031
2402 0.022148556
2403 0.022148556
2404 0.0741620641
2405 0.0591440314
2406 0.0444940592
2407 -0.0300679682
2408 0.0894011109
2409 0.0369900072
2410 0.0441030757
2411 0.230450877
2412 -0.00751855974
2413 0.00731607173
2414 0.155651777
2415 -0.0300679682
2416 -0.00751855974
2417 0.475545499
2418 0.11155012
2419 0.00731607173
2420 0.021755685
2421 0.0446895368
2422 0.0296665714
2423 0.193048192
2424 0.00731607173
2425 0.0223449723
2426 -0.00751855974
2427 -3.34483592E-06
2428 0.0963089481
2429 0.193237458
2430 0.126603042
2431 0.0743563152
2432 0.036780282
2433 0.0967320301
2434 0.0294704357
2435 0.119075948
2436 -0.0377798681
2437 0.0743563152
2438 0.00731607173
2439 0.0444940592
2440 0.022148556
2441 0.0743563152
2442 0.0446895368
2443 -0.00751855974
2444 0.0446895368
2445 0.0894011109
2446 -0.00751855974
2447 0.103446509
2448 0.104025556
2449 -0.00751855974
2450 0.0223449723
2451 0.0595338411
2452 -0.0154284117
2453 0.0668610186
2454 -3.34483592E-06
2455 -0.0150325127
2456 -0.0152304529
2457 -0.0152304529
2458 -3.34483592E-06
2459 0.0223449723
2460 0.014828512
2461 0.14875326
2462 -0.0150325127
2463 -0.0227520158
2464 0.0369900072
2465 0.192480473
2466 0.0892074438
2467 0.014828512
2468 0.0446895368
2469 -0.0304651976
2470 0.050042115
2471 0.021952127
2472 0.0516229223
2473 0.0442985721
2474 0.0670556278
2475 0.0296665714
2476 0.0743563152
2477 0.0894011109
2478 0.0223449723
2479 0.0223449723
2480 0.0223449723
2481 -0.00751855974
2482 0.014828512
2483 0.185326956
2484 0.0146318031
2485 0.237335888
2486 0.375753137
2487 0.392615861
2488 0.0670556278
2489 0.00731607173
2490 0.0223449723
2491 0.0371858497
2492 0.0593389398
2493 -3.34483592E-06
2494 0.022148556
2495 0.0296665714
2496 0.0146318031
2497 0.126171177
2498 0.0894011109
2499 0.0446895368
2500 0.0816841221
2501 -0.00751855974
2502 0.178433062
2503 0.193237458
2504 0.014828512
2505 0.0595338411
2506 0.0223449723
2507 0.171091871
2508 0.0670556278
2509 0.0520133185
2510 0.0446895368
2511 0.0446895368
2512 0.0371858497
2513 0.0444940592
2514 0.0371858497
2515 0.0294704357
2516 0.0743563152
2517 0.118691089
2518 0.186085218
2519 0.0296665714
2520 0.0223449723
2521 0.022148556
2522 -3.34483592E-06
2523 0.0446895368
2524 0.0446895368
2525 0.0371858497
2526 0.0446895368
2527 0.0894011109
2528 0.014828512
2529 0.0223449723
2530 0.0369900072
2531 0.014828512
2532 0.00711899568
2533 0.022148556
2534 -0.000200698419
2535 -0.00751855974
2536 0.0371858497
2537 0.00731607173
2538 0.0223449723
2539 0.00731607173
2540 0.103253493
2541 -0.000200698419
2542 0.0223449723
2543 -0.0375809688
2544 0.0223449723
2545 0.296695884
2546 0.0292742884
2547 0.133697273
2548 0.683202776
2549 0.42301925
2550 -0.0152304529
2551 0.171282115
2552 0.022148556
2553 0.00731607173
2554 -0.00751855974
2555 0.014828512
2556 0.0371858497
2557 0.0223449723
2558 0.0670556278
2559 0.0146318031
2560 0.0446895368
2561 0.0223449723
2562 -0.0150325127
2563 -0.00751855974
2564 0.0223449723
2565 0.0223449723
2566 0.0223449723
2567 0.0446895368
2568 0.0520133185
2569 0.148944452
2570 0.0371858497
2571 -0.00751855974
2572 0.104218571
2573 0.0595338411
2574 -3.34483592E-06
2575 0.0223449723
2576 0.580239306
2577 0.156224231
2578 0.0595338411
2579 -0.0300679682
2580 0.0595338411
2581 0.0520133185
2582 0.0818780809
2583 0.0223449723
2584 0.00731607173
2585 0.014828512
2586 0.0146318031
2587 -3.34483592E-06
2588 -0.0150325127
2589 0.0589491157
2590 0.0223449723
2591 0.0371858497
2592 0.0520133185
2593 0.0223449723
2594 0.0446895368
2595 -0.00751855974
2596 -0.00751855974
2597 0.0223449723
2598 -0.0150325127
2599 0.0223449723
2600 0.0595338411
2601 -0.0225537063
2602 0.126603042
2603 -0.00751855974
2604 0.0446895368
2605 0.014828512
2606 0.119075948
2607 0.0223449723
2608 0.0223449723
2609 0.163562006
2610 -0.0150325127
2611 0.0668610186
2612 0.0595338411
2613 0.0520133185
2614 -0.00751855974
2615 -0.000200698419
2616 0.0294704357
2617 0.022148556
2618 0.088593014
2619 -0.0229416925
2620 0.0446895368
2621 0.163562006
2622 0.0818780809
2623 -0.0227520158
2624 0.305671927
2625 0.022148556
2626 0.16375254
2627 0.103832541
2628 0.0743563152
2629 0.014828512
2630 -0.00751855974
2631 0.0223449723
2632 0.133889048
2633 0.0223449723
2634 -0.0300679682
2635 0.0446895368
2636 -0.0607118484
2637 0.0223449723
2638 0.155651777
2639 0.0894011109
2640 -3.34483592E-06
2641 -0.00751855974
2642 0.0446895368
2643 0.0441030757
2644 -0.0528026798
2645 0.133313737
2646 -0.00751855974
2647 0.0223449723
2648 -0.00751855974
2649 -0.00751855974
2650 -3.34483592E-06
2651 0.0446895368
2652 -3.34483592E-06
2653 -0.0154284117
2654 -0.0152304529
2655 0.0223449723
2656 0.0223449723
2657 -3.34483592E-06
2658 0.014828512
2659 -3.34483592E-06
2660 -3.34483592E-06
2661 0.0743563152
2662 0.0223449723
2663 -0.00751855974
2664 0.0520133185
2665 -0.00751855974
2666 0.0371858497
2667 0.0371858497
2668 -3.34483592E-06
2669 0.00731607173
2670 -0.00751855974
2671 -0.00751855974
2672 0.0223449723
2673 -0.0150325127
2674 0.014828512
2675 0.014828512
2676 -0.00751855974
2677 -0.00751855974
2678 0.0444940592
2679 -0.00751855974
2680 -0.00751855974
2681 -0.00751855974
2682 -0.00751855974
2683 0.0223449723
2684 -0.0225537063
2685 0.0290781292
2686 -3.34483592E-06
2687 -0.0150325127
2688 0.0369900072
2689 0.0666412692
2690 0.0595338411
2691 -0.00751855974
2692 0.133505503
2693 -0.000398068315
2694 0.014828512
2695 -0.0225537063
2696 -3.34483592E-06
2697 -0.0227520158
2698 -0.0300679682
2699 -0.00751855974
2700 -0.0300679682
2701 -0.000398068315
2702 -0.0302665724
2703 0.0223449723
2704 -0.0375809688
2705 -0.0225537063
2706 -0.0225537063
2707 0.0296665714
2708 -0.0225537063
2709 -0.0300679682
2710 -0.00751855974
2711 -0.0077162064
2712 0.0595338411
2713 -0.00751855974
2714 0.0743563152
2715 -0.00751855974
2716 -0.0150325127
2717 -0.00751855974
2718 -0.0225537063
2719 -0.00751855974
2720 -0.0150325127
2721 -0.0150325127
2722 -0.0225537063
2723 -3.34483592E-06
2724 -0.0225537063
2725 -3.34483592E-06
2726 -0.00751855974
2727 0.0369900072
2728 0.0442985721
2729 0.0223449723
2730 0.0593389398
2731 0.0296665714
2732 0.0446895368
2733 0.0223449723
2734 0.0371858497
2735 0.0296665714
2736 0.00731607173
2737 -0.0225537063
2738 0.0892074438
2739 0.0892074438
2740 0.0223449723
2741 0.0446895368
2742 0.148944452
2743 -0.00751855974
2744 -3.34483592E-06
2745 -0.0682464303
2746 0.00672226224
2747 0.0595338411
2748 0.00731607173
2749 0.014828512
2750 -0.00751855974
2751 0.0733850106
2752 0.0223449723
2753 -0.000200698419
2754 -0.00811155229
2755 0.0223449723
2756 0.014828512
2757 -0.00751855974
2758 0.0520133185
2759 0.0741620641
2760 -0.0225537063
2761 -0.000200698419
2762 0.014828512
2763 0.00711899568
2764 -0.00751855974
2765 -0.00751855974
2766 0.0446895368
2767 0.014828512
2768 0.0371858497
2769 0.0223449723
2770 -0.0452919037
2771 -0.0150325127
2772 -0.000398068315
2773 0.0670556278
2774 0.0223449723
2775 0.191462304
2776 -0.000398068315
2777 0.014828512
2778 -0.00751855974
2779 0.021755685
2780 0.021952127
2781 0.00731607173
2782 0.515572795
2783 0.0894011109
2784 0.0446895368
2785 0.267758849
2786 -0.0227520158
2787 -0.0450927089
2788 0.014828512
2789 -0.00751855974
2790 -0.0452919037
2791 0.00731607173
2792 -0.0150325127
2793 0.0818780809
2794 0.140841685
2795 0.0371858497
2796 0.00691929473
2797 0.0441030757
2798 0.0223449723
2799 0.0223449723
2800 0.0444940592
2801 -0.00751855974
2802 0.0223449723
2803 -3.34483592E-06
2804 -3.34483592E-06
2805 -3.34483592E-06
2806 -3.34483592E-06
2807 0.215569537
2808 0.0668610186
2809 0.0223449723
2810 0.0223449723
2811 0.0743563152
2812 -0.0454911218
2813 0.0223449723
2814 0.022148556
2815 0.0371858497
2816 0.0518181245
2817 -0.0225537063
2818 0.0444940592
2819 0.716867191
2820 -0.0176005773
2821 -0.0150325127
2822 0.111742843
2823 0.0595338411
2824 0.0223449723
2825 0.215192936
2826 0.104025556
2827 0.078908719
2828 0.014828512
2829 0.177606407
2830 0.0146318031
2831 0.116915188
2832 0.163562006
2833 0.0446895368
2834 0.111742843
2835 0.134080827
2836 0.014828512
2837 -0.00751855974
2838 -0.0150325127
2839 -0.00751855974
2840 0.119075948
2841 -0.0838686485
2842 0.00731607173
2843 -0.00751855974
2844 -0.00751855974
2845 0.412627902
2846 0.0427182147
2847 -0.0150325127
2848 -0.000200698419
2849 0.021755685
2850 0.133889048
2851 -0.00751855974
2852 0.0662521636
2853 0.00573686711
2854 0.0446895368
2855 -0.0150325127
2856 0.2371486
2857 0.0296665714
2858 0.0446895368
2859 0.14875326
2860 0.0670556278
2861 0.0446895368
2862 0.795863232
2863 0.0146318031
2864 -0.000200698419
2865 -0.0150325127
2866 0.623467482
2867 -0.0156263893
2868 -0.0150325127
2869 0.481509436
2870 0.0446895368
2871 0.215381228
2872 0.00731607173
2873 -0.0603349406
2874 -0.0077162064
2875 0.014828512
2876 0.215946205
2877 0.0518181245
2878 0.0595338411
2879 0.0446895368
2880 0.134080827
2881 -0.296868844
2882 0.108577379
2883 0.0666412692
2884 -0.00197687987
2885 0.0518181245
2886 0.0723862708
2887 -0.0450927089
2888 0.0338294805
2889 -0.00751855974
2890 0.0883994068
2891 0.191651399
2892 -0.0377798681
2893 0.028871069
2894 -0.00751855974
2895 0.0223449723
2896 0.178175931
2897 0.0520133185
2898 0.014828512
2899 0.0371858497
2900 -0.0452919037
2901 0.0446895368
2902 -0.00751855974
2903 0.0668610186
2904 0.265427174
2905 -0.031049489
2906 0.0733850106
2907 -0.0680462151
2908 0.0371858497
2909 0.134080827
2910 -0.0150325127
2911 0.0371858497
2912 -0.00751855974
2913 -3.34483592E-06
2914 -0.0227520158
2915 -0.00751855974
2916 -0.0150325127
2917 -0.0150325127
2918 -3.34483592E-06
2919 -0.00751855974
2920 -0.00751855974
2921 -0.00751855974
2922 -0.00751855974
2923 -0.00751855974
2924 -0.0300679682
2925 -0.0152304529
2926 -0.00791387055
2927 -0.0152304529
2928 -3.34483592E-06
2929 0.0296665714
2930 0.0223449723
2931 0.0371858497
2932 -0.0150325127
2933 -0.00791387055
2934 0.507321732
2935 -0.00751855974
2936 0.385248459
2937 0.971399131
2938 -0.0150325127
2939 -0.0077162064
2940 -0.0150325127
2941 -0.0300679682
2942 -3.34483592E-06
2943 -0.00811155229
2944 0.245245953
2945 -0.00751855974
2946 0.0670556278
2947 0.0223449723
2948 0.00731607173
2949 -3.34483592E-06
2950 0.0223449723
2951 -0.00751855974
2952 0.0223449723
2953 0.022148556
2954 0.014828512
2955 -0.00751855974
2956 -0.0152304529
2957 -0.0904058171
2958 0.0444940592
2959 0.022148556
2960 0.0223449723
2961 0.0223449723
2962 0.014828512
2963 0.125787052
2964 0.0446895368
2965 0.0223449723
2966 0.0223449723
2967 -0.00751855974
2968 0.00731607173
2969 -0.0152304529
2970 -0.030663844
2971 0.0223449723
2972 -0.0150325127
2973 0.0369900072
2974 0.0146318031
2975 -0.00751855974
2976 0.0223449723
2977 0.0442985721
2978 0.0296665714
2979 -0.00751855974
2980 -0.00751855974
2981 0.014828512
2982 -0.00751855974
2983 0.014828512
2984 -0.00751855974
2985 -0.0300679682
2986 -0.0150325127
2987 -0.00751855974
2988 0.0446895368
2989 0.0223449723
2990 -0.00751855974
2991 0.0223449723
2992 0.0223449723
2993 -3.34483592E-06
2994 0.00731607173
2995 -0.0150325127
2996 0.014828512
2997 -0.0300679682
2998 0.00711899568
2999 0.00711899568
3000 0.0446895368
3001 -0.0150325127
3002 -0.00830925171
3003 0.0666412692
3004 0.0223449723
3005 -0.0536008892
3006 -0.00751855974
3007 -0.0150325127
3008 -0.000200698419
3009 0.014828512
3010 0.0223449723
3011 0.0223449723
3012 0.15527018
3013 0.0818780809
3014 0.0894011109
3015 0.837736657
3016 -0.0225537063
3017 0.0961156382
3018 0.171282115
3019 0.163180964
3020 0.208304049
3021 0.0446895368
3022 0.348702662
3023 -0.0150325127
3024 0.0894011109
3025 0.0223449723
3026 0.0371858497
3027 -0.00751855974
3028 0.00731607173
3029 0.0371858497
3030 0.0223449723
3031 -0.0227520158
3032 0.014828512
3033 0.0223449723
3034 0.014828512
3035 -0.0225537063
3036 0.014828512
3037 0.0670556278
3038 -0.00751855974
3039 0.0371858497
3040 -0.0150325127
3041 -0.00751855974
3042 -0.00751855974
3043 -0.00751855974
3044 0.014828512
3045 -0.00751855974
3046 0.0223449723
3047 0.0446895368
3048 0.0296665714
3049 0.111742843
3050 0.0369900072
3051 0.0136480465
3052 0.0965022565
3053 -0.00791387055
3054 0.11155012
3055 0.0290781292
3056 -0.00751855974
3057 0.0446895368
3058 0.0894011109
3059 0.014828512
3060 0.021755685
3061 0.0223449723
3062 0.0446895368
3063 -0.00751855974
3064 -0.0150325127
3065 -0.0150325127
3066 0.171091871
3067 0.0142383432
3068 0.215757863
3069 0.00731607173
3070 -0.00751855974
3071 0.022148556
3072 0.0223449723
3073 -0.00751855974
3074 -0.00751855974
3075 -0.00751855974
3076 0.0670556278
3077 0.0670556278
3078 -0.00751855974
3079 0.0223449723
3080 -0.00751855974
3081 0.0223449723
3082 -0.0077162064
3083 -0.00751855974
3084 -0.00751855974
3085 -0.00751855974
3086 0.0818780809
3087 0.0668610186
3088 0.133697273
3089 -0.00751855974
3090 0.0446895368
3091 0.0223449723
3092 0.014828512
3093 0.0446895368
3094 0.0446895368
3095 0.0670556278
3096 0.0670556278
3097 0.0444940592
3098 -0.0150325127
3099 0.0223449723
3100 0.0670556278
3101 0.0223449723
3102 -3.34483592E-06
3103 0.0223449723
3104 0.022148556
3105 -3.34483592E-06
3106 0.0223449723
3107 0.014828512
3108 0.0294704357
3109 0.0446895368
3110 -0.0150325127
3111 0.0223449723
3112 0.0223449723
3113 0.00731607173
3114 0.0446895368
3115 0.452526012
3116 0.0595338411
3117 0.0441030757
3118 0.021952127
3119 -0.0983176572
3120 -0.000200698419
3121 -0.00751855974
3122 0.0223449723
3123 0.0223449723
3124 -0.00751855974
3125 0.0444940592
3126 0.022148556
3127 0.0371858497
3128 0.0729964532
3129 0.110971954
3130 -0.0152304529
3131 -0.0150325127
3132 0.0371858497
3133 -0.00751855974
3134 0.0223449723
3135 0.0223449723
3136 0.014828512
3137 0.0437120539
3138 0.014828512
3139 -0.0150325127
3140 0.0668610186
3141 0.0888201023
3142 0.0741620641
3143 0.215381228
3144 -0.00751855974
3145 -0.0225537063
3146 0.0670556278
3147 0.140650218
3148 0.103446509
3149 -0.00751855974
3150 -0.0227520158
3151 0.0816841221
3152 0.00691929473
3153 0.0296665714
3154 -0.00751855974
3155 -0.0225537063
3156 -0.00751855974
3157 0.00731607173
3158 -0.00751855974
3159 0.282464385
3160 0.0223449723
3161 0.0223449723
3162 0.0670556278
3163 0.014828512
3164 0.0223449723
3165 0.0146318031
3166 0.171282115
3167 0.0294704357
3168 0.014828512
3169 0.163562006
3170 0.0371858497
3171 0.00731607173
3172 0.0446895368
3173 0.021952127
3174 -0.00751855974
3175 0.0223449723
3176 -0.0150325127
3177 0.134080827
3178 0.0670556278
3179 0.0371858497
3180 -0.00751855974
3181 0.0514277117
3182 0.0223449723
3183 0.0818780809
3184 0.0223449723
3185 0.111164675
3186 0.0223449723
3187 0.00731607173
3188 0.0670556278
3189 -0.00751855974
3190 -0.00751855974
3191 0.0223449723
3192 0.281616477
3193 0.0223449723
3194 0.0670556278
3195 0.156224231
3196 -0.0225537063
3197 0.0223449723
3198 0.014828512
3199 -0.00751855974
3200 0.0520133185
3201 0.0446895368
3202 -0.00751855974
3203 -0.00751855974
3204 0.014828512
3205 -0.00751855974
3206 -0.00751855974
3207 0.0223449723
3208 0.0223449723
3209 0.0371858497
3210 0.0670556278
3211 -3.34483592E-06
3212 0.014828512
3213 0.141033157
3214 -0.00751855974
3215 0.0223449723
3216 0.0223449723
3217 0.0223449723
3218 -0.0227520158
3219 -0.0300679682
3220 -3.34483592E-06
3221 0.0446895368
3222 0.0446895368
3223 0.014828512
3224 0.0223449723
3225 0.0818780809
3226 0.0446895368
3227 -0.0300679682
3228 0.0223449723
3229 0.014828512
3230 0.0223449723
3231 -0.0150325127
3232 0.0595338411
3233 0.0223449723
3234 0.0223449723
3235 0.0223449723
3236 0.0223449723
3237 0.0223449723
3238 0.036780282
3239 0.0739678082
3240 -0.000200698419
3241 0.0369900072
3242 0.00731607173
3243 0.0223449723
3244 -0.00751855974
3245 0.0223449723
3246 -0.00751855974
3247 0.0223449723
3248 0.0223449723
3249 0.0446895368
3250 0.0446895368
3251 0.0446895368
3252 -3.34483592E-06
3253 0.104218571
3254 0.0894011109
3255 0.0446895368
3256 0.0223449723
3257 0.104025556
3258 0.0223449723
3259 0.0369900072
3260 -0.0150325127
3261 0.0223449723
3262 0.014828512
3263 -0.00751855974
3264 -0.00751855974
3265 0.00731607173
3266 0.014828512
3267 -0.00751855974
3268 0.200959109
3269 0.0223449723
3270 0.0223449723
3271 0.0446895368
3272 0.0446895368
3273 0.117684574
3274 0.0520133185
3275 0.377844463
3276 -0.00751855974
3277 0.0223449723
3278 0.014828512
3279 0.0223449723
3280 0.245433011
3281 0.0595338411
3282 0.0670556278
3283 0.0446895368
3284 0.0223449723
3285 0.0223449723
3286 -0.00751855974
3287 0.0371858497
3288 0.014828512
3289 -0.0300679682
3290 -0.00751855974
3291 0.104025556
3292 0.148944452
3293 0.0444940592
3294 0.014828512
3295 0.134080827
3296 -0.0302665724
3297 0.0296665714
3298 0.00731607173
3299 -3.34483592E-06
3300 0.0223449723
3301 0.0223449723
3302 -0.0150325127
3303 -0.00751855974
3304 0.00731607173
3305 0.171091871
3306 -0.00751855974
3307 -0.0077162064
3308 0.0223449723
3309 0.0223449723
3310 -0.0225537063
3311 0.014828512
3312 -3.34483592E-06
3313 0.126603042
3314 0.0446895368
3315 -0.0225537063
3316 0.0446895368
3317 0.0146318031
3318 0.148944452
3319 -0.00751855974
3320 -0.00751855974
3321 -0.0150325127
3322 0.0892074438
3323 0.0369900072
3324 0.00731607173
3325 0.014828512
3326 0.0296665714
3327 -0.00751855974
3328 0.0446895368
3329 -0.00751855974
3330 -3.34483592E-06
3331 0.00731607173
3332 0.022148556
3333 0.00731607173
3334 0.014828512
3335 0.0894011109
3336 0.0371858497
3337 -0.00751855974
3338 -0.0150325127
3339 0.0223449723
3340 0.118883517
3341 0.0371858497
3342 0.0743563152
3343 0.0371858497
3344 0.104025556
3345 0.0223449723
3346 0.0223449723
3347 0.014828512
3348 0.409154626
3349 -0.00751855974
3350 0.0668610186
3351 -0.00751855974
3352 0.0371858497
3353 0.014828512
3354 -3.34483592E-06
3355 -0.00751855974
3356 0.0670556278
3357 0.014828512
3358 0.014828512
3359 0.0670556278
3360 0.0371858497
3361 -0.00751855974
3362 0.0518181245
3363 0.148944452
3364 0.245620091
3365 -0.0227520158
3366 -0.00751855974
3367 0.0296665714
3368 -0.0227520158
3369 0.0446895368
3370 0.0223449723
3371 -0.00751855974
3372 0.104218571
3373 0.00731607173
3374 0.357341766
3375 0.0520133185
3376 -0.00751855974
3377 0.0670556278
3378 0.63911482
3379 0.0223449723
3380 0.0223449723
3381 -0.00751855974
3382 0.0446895368
3383 0.0223449723
3384 -0.00751855974
3385 -3.34483592E-06
3386 0.014828512
3387 0.482743943
3388 0.0595338411
3389 0.141224634
3390 0.156033405
3391 -0.00751855974
3392 0.0223449723
3393 0.0296665714
3394 0.0371858497
3395 0.0595338411
3396 -0.0150325127
3397 0.125979113
3398 0.0518181245
3399 -3.34483592E-06
3400 0.0296665714
3401 0.0223449723
3402 0.0144350802
3403 0.133889048
3404 0.0516229223
3405 -0.00751855974
3406 0.0296665714
3407 0.00711899568
3408 0.0371858497
3409 -0.0235365743
3410 -0.00751855974
3411 -0.00751855974
3412 0.0967320301
3413 -0.00751855974
3414 0.022148556
3415 0.0296665714
3416 0.0223449723
3417 0.154888613
3418 0.014828512
3419 0.0520133185
3420 0.37838759
3421 0.155842587
3422 0.230638602
3423 0.0446895368
3424 0.021952127
3425 0.0520133185
3426 -0.0150325127
3427 0.0369900072
3428 0.014828512
3429 -3.34483592E-06
3430 0.0520133185
3431 0.0446895368
3432 0.156033405
3433 0.0207654453
3434 0.0668610186
3435 0.0223449723
3436 -0.0150325127
3437 0.147741666
3438 0.0890137743
3439 -0.0688212808
3440 0.00672226224
3441 0.0223449723
3442 0.0296665714
3443 0.813871629
3444 -0.00751855974
3445 0.207282593
3446 -0.0154284117
3447 0.00731607173
3448 0.00731607173
3449 0.00731607173
3450 0.14875326
3451 0.133889048
3452 0.0514277117
3453 0.0816841221
3454 0.282093489
3455 0.0520133185
3456 0.222351478
3457 -0.0077162064
3458 0.55724492
3459 0.0818780809
3460 0.215381228
3461 -0.0834668698
3462 0.133313737
3463 0.0223449723
3464 0.0223449723
3465 0.185895634
3466 0.131921719
3467 0.022148556
3468 -0.0158243858
3469 0.54512329
3470 0.385755219
3471 0.0595338411
3472 0.0292742884
3473 0.385429105
3474 0.170901638
3475 0.014828512
3476 0.295845683
3477 0.141224634
3478 0.378931096
3479 -0.0393570228
3480 0.449173036
3481 0.720646702
3482 0.0446895368
3483 -0.0150325127
3484 0.11155012
3485 0.0888201023
3486 0.0591440314
3487 0.919421991
3488 0.684466365
3489 0.126603042
3490 -0.0225537063
3491 0.0446895368
3492 0.171282115
3493 0.0371858497
3494 0.014828512
3495 0.133505503
3496 0.0894011109
3497 0.022148556
3498 0.0894011109
3499 0.119075948
3500 0.0223449723
3501 -0.0302665724
3502 0.0146318031
3503 0.111357397
3504 0.452526012
3505 0.416344637
3506 0.430748981
3507 0.0146318031
3508 0.170901638
3509 0.0446895368
3510 0.0223449723
3511 0.0668610186
3512 0.0290781292
3513 0.260134156
3514 0.0223449723
3515 0.104025556
3516 0.133697273
3517 0.0967320301
3518 0.0670556278
3519 0.0296665714
3520 0.0818780809
3521 0.0444940592
3522 0.0369900072
3523 0.0743563152
3524 -0.0375809688
3525 -0.0077162064
3526 -0.00751855974
3527 -0.00811155229
3528 0.103832541
3529 0.215569537
3530 0.557765045
3531 0.16375254
3532 0.0595338411
3533 0.305159961
3534 0.0223449723
3535 0.407023285
3536 0.464985971
3537 -3.34483592E-06
3538 -0.0152304529
3539 0.33410726
3540 0.146158021
3541 0.290190338
3542 0.11155012
3543 0.0589491157
3544 -0.000200698419
3545 0.877746301
3546 0.320060069
3547 0.446389074
3548 0.00731607173
3549 -0.0150325127
3550 0.156033405
3551 0.458666171
3552 1.09486351
3553 0.248025893
3554 0.014828512
3555 0.119075948
3556 -0.00751855974
3557 -0.00751855974
3558 -0.00751855974
3559 -3.34483592E-06
3560 -0.00751855974
3561 0.0593389398
3562 0.0442985721
3563 0.021952127
3564 -0.0779350033
3565 0.0593389398
3566 0.0223449723
3567 -0.00751855974
3568 -0.031049489
3569 -0.0381777334
3570 0.0444940592
3571 0.193237458
3572 0.431106853
3573 0.163562006
3574 0.0595338411
3575 0.71290446
3576 0.036780282
3577 0.259849723
3578 0.190256234
3579 0.341835499
3580 0.176847194
3581 0.0666412692
3582 0.0589491157
3583 0.00731607173
3584 0.0290781292
3585 0.0365844908
3586 0.192669699
3587 0.319876125
3588 0.0223449723
3589 0.312701369
3590 0.126603042
3591 0.014828512
3592 0.147741666
3593 -0.0150325127
3594 0.0371858497
3595 0.0146318031
3596 -0.000200698419
3597 -0.0150325127
3598 0.123435957
3599 0.0516229223
3600 0.0146318031
3601 0.201148112
3602 0.193616032
3603 0.0223449723
3604 0.0223449723
3605 0.0812961933
3606 0.00731607173
3607 -0.0150325127
3608 -0.0227520158
3609 0.0595338411
3610 0.0595338411
3611 0.200392187
3612 -0.00751855974
3613 0.0296665714
3614 -0.0152304529
3615 0.0737735473
3616 -0.00949224362
3617 -0.00751855974
3618 -3.34483592E-06
3619 0.0892074438
3620 0.141224634
3621 0.0520133185
3622 0.0520133185
3623 0.189878362
3624 0.0444940592
3625 0.156224231
3626 0.0967320301
3627 -0.0077162064
3628 -0.00751855974
3629 0.0223449723
3630 0.0520133185
3631 -0.00138464338
3632 0.349747109
3633 0.0662521636
3634 0.0371858497
3635 -0.00751855974
3636 0.0296665714
3637 0.148562075
3638 0.401065609
3639 0.356430437
3640 0.177986079
3641 0.208304049
3642 0.11155012
3643 0.00731607173
3644 0.0520133185
3645 0.156474053
3646 0.0446895368
3647 0.0296665714
3648 -0.0377798681
3649 0.0292742884
3650 -0.0150325127
3651 -0.000200698419
3652 -0.000398068315
3653 0.0223449723
3654 0.0223449723
3655 0.132305063
3656 -0.0753558543
3657 0.0446895368
3658 0.0446895368
3659 0.022148556
3660 0.275296486
3661 0.126603042
3662 0.126171177
3663 0.014828512
3664 0.104025556
3665 0.0882057968
3666 0.0223449723
3667 -0.00751855974
3668 0.0361928763
3669 0.0223449723
3670 -0.0304651976
3671 0.0441030757
3672 -0.0077162064
3673 -0.0150325127
3674 0.0446895368
3675 -0.0751553956
3676 -0.0377798681
3677 0.014828512
3678 -0.00830925171
3679 0.371888147
3680 0.14875326
3681 -0.000200698419
3682 -0.0150325127
3683 -0.0077162064
3684 0.0520133185
3685 -0.00751855974
3686 0.274739143
3687 0.0296665714
3688 0.126171177
3689 -0.00751855974
3690 0.0223449723
3691 0.0223449723
3692 -0.0156263893
3693 -0.0150325127
3694 0.104025556
3695 0.00731607173
3696 0.021755685
3697 0.230263171
3698 0.0595338411
3699 0.0670556278
3700 0.0296665714
3701 0.0670556278
3702 0.236774083
3703 -0.0375809688
3704 -0.0379787896
3705 0.0223449723
3706 -3.34483592E-06
3707 0.0223449723
3708 0.111742843
3709 0.0446895368
3710 -0.0150325127
3711 -0.0233382603
3712 -0.0690215276
3713 0.014828512
3714 -0.00811155229
3715 -0.00751855974
3716 0.569876813
3717 0.00731607173
3718 0.021952127
3719 0.163180964
3720 0.0520133185
3721 -0.0150325127
3722 -0.00751855974
3723 0.0223449723
3724 -0.000398068315
3725 -0.0150325127
3726 0.0223449723
3727 0.0446895368
3728 0.022148556
3729 -0.00830925171
3730 0.014828512
3731 0.111357397
3732 0.0804899293
3733 0.0296665714
3734 0.103060476
3735 0.00731607173
3736 0.140214413
3737 0.221704067
3738 -0.0225537063
3739 0.0446895368
3740 -0.000200698419
3741 -0.00751855974
3742 -0.0225537063
3743 0.0446895368
3744 -0.0225537063
3745 -3.34483592E-06
3746 -0.0225537063
3747 -0.00751855974
3748 0.014828512
3749 0.0146318031
3750 0.0142383432
3751 0.363476276
3752 0.37011516
3753 0.0371858497
3754 -0.0150325127
3755 0.116294292
3756 -3.34483592E-06
3757 -0.00751855974
3758 -0.0300679682
3759 0.0223449723
3760 -0.0152304529
3761 -0.00751855974
3762 0.0223449723
3763 -0.00751855974
3764 0.0446895368
3765 0.0223449723
3766 0.0371858497
3767 -0.0150325127
3768 -0.00079285741
3769 0.0441030757
3770 0.103253493
3771 0.00731607173
3772 0.00711899568
3773 0.0890137743
3774 0.161596178
3775 -0.000200698419
3776 0.0296665714
3777 -0.00751855974
3778 -0.0150325127
3779 0.126363244
3780 0.0142383432
3781 0.0520133185
3782 -3.34483592E-06
3783 0.0743563152
3784 0.0223449723
3785 0.0146318031
3786 0.0296665714
3787 0.0662521636
3788 -0.0375809688
3789 0.0223449723
3790 0.022148556
3791 0.33410726
3792 0.014828512
3793 0.0666412692
3794 0.0146318031
3795 -0.0150325127
3796 0.141033157
3797 0.16375254
3798 -0.0836677443
3799 0.148314959
3800 0.141416117
3801 0.156033405
3802 0.00731607173
3803 0.683202776
3804 0.371021863
3805 0.0595338411
3806 -0.00751855974
3807 0.014828512
3808 0.267014606
3809 0.0371858497
3810 -0.0154284117
3811 0.0442985721
3812 0.319020327
3813 -0.00830925171
3814 0.0140415919
3815 0.0520133185
3816 0.0369900072
3817 0.0670556278
3818 0.00731607173
3819 0.0294704357
3820 0.0662521636
3821 0.014828512
3822 0.0446895368
3823 0.0223449723
3824 0.0223449723
3825 -0.0300679682
3826 0.104025556
3827 0.140841685
3828 0.0223449723
3829 0.0818780809
3830 0.0520133185
3831 -0.0150325127
3832 0.014828512
3833 0.0296665714
3834 -0.000200698419
3835 0.104025556
3836 0.141033157
3837 0.170076655
3838 0.088012184
3839 0.0223449723
3840 0.0140415919
3841 0.014828512
3842 -0.0152304529
3843 -0.00751855974
3844 0.408075126
3845 0.0444940592
3846 0.178623003
3847 0.0371858497
3848 -0.00751855974
3849 0.0223449723
3850 0.0146318031
3851 0.0296665714
3852 0.0223449723
3853 0.0296665714
3854 -0.00751855974
3855 0.021952127
3856 0.014828512
3857 -0.00751855974
3858 -0.00751855974
3859 -0.00751855974
3860 -0.00751855974
3861 0.0223449723
3862 -0.00751855974
3863 0.0371858497
3864 0.354476911
3865 0.108577379
3866 0.437243596
3867 0.208036904
3868 0.0371858497
3869 -0.0152304529
3870 0.0444940592
3871 0.0371858497
3872 -3.34483592E-06
3873 0.0296665714
3874 0.2371486
3875 0.177986079
3876 0.014828512
3877 0.0223449723
3878 -0.00751855974
3879 0.014828512
3880 -3.34483592E-06
3881 -0.00751855974
3882 -0.0077162064
3883 0.0670556278
3884 0.0223449723
3885 0.0213627618
3886 0.0296665714
3887 0.148562075
3888 -0.00751855974
3889 0.022148556
3890 0.103639525
3891 0.170266782
3892 -0.0150325127
3893 0.0446895368
3894 0.0223449723
3895 0.0371858497
3896 0.0371858497
3897 0.00731607173
3898 0.014828512
3899 0.00691929473
3900 -0.0077162064
3901 -0.0231399664
3902 0.0446895368
3903 0.0595338411
3904 -0.0528026798
3905 0.0296665714
3906 -0.0225537063
3907 -0.00751855974
3908 -0.00751855974
3909 0.0371858497
3910 0.222079774
3911 -3.34483592E-06
3912 0.0894011109
3913 0.111742843
3914 -0.00751855974
3915 -0.0225537063
3916 -3.34483592E-06
3917 -0.000200698419
3918 0.014828512
3919 0.0595338411
3920 0.148944452
3921 0.0818780809
3922 0.126603042
3923 0.0446895368
3924 -0.0150325127
3925 -3.34483592E-06
3926 -0.00751855974
3927 0.0144350802
3928 -0.0077162064
3929 0.0670556278
3930 -0.0225537063
3931 -0.00751855974
3932 -0.00791387055
3933 0.20077012
3934 0.290375565
3935 0.0446895368
3936 0.0670556278
3937 0.0223449723
3938 0.0296665714
3939 0.0371858497
3940 0.0446895368
3941 0.0520133185
3942 0.727949695
3943 -0.00751855974
3944 0.0369900072
3945 -0.0150325127
3946 0.022148556
3947 0.119075948
3948 0.0371858497
3949 -0.000200698419
3950 0.0223449723
3951 -0.0375809688
3952 0.0595338411
3953 0.0146318031
3954 -3.34483592E-06
3955 0.0670556278
3956 0.0223449723
3957 0.0223449723
3958 0.0595338411
3959 0.0670556278
3960 0.0818780809
3961 -0.000200698419
3962 0.0818780809
3963 -0.0150325127
3964 0.297619821
3965 -0.00751855974
3966 -0.000200698419
3967 0.0294704357
3968 0.014828512
3969 0.0371858497
3970 0.0223449723
3971 0.0446895368
3972 0.0520133185
3973 0.0433209933
3974 0.0223449723
3975 0.00731607173
3976 0.0223449723
3977 0.0371858497
3978 0.014828512
3979 -0.0379787896
3980 0.229988743
3981 0.0709997428
3982 0.200392187
3983 0.00731607173
3984 -0.000200698419
3985 -0.137065081
3986 0.014828512
3987 0.0223449723
3988 0.0223449723
3989 0.0223449723
3990 -0.0017794507
3991 0.0369900072
3992 0.2371486
3993 0.0446895368
3994 0.185895634
3995 0.0371858497
3996 0.0593389398
3997 0.0446895368
3998 -0.000200698419
3999 0.0223449723
4000 0.0892074438
4001 0.141224634
4002 0.133505503
4003 -0.0156263893
4004 -0.0152304529
4005 -0.0150325127
4006 -0.0150325127
4007 -0.00791387055
4008 0.0670556278
4009 0.0593389398
4010 0.0668610186
4011 0.014828512
4012 0.0223449723
4013 0.126603042
4014 0.193616032
4015 0.845162818
4016 0.0296665714
4017 0.0223449723
4018 0.0223449723
4019 0.193426738
4020 0.0670556278
4021 0.00731607173
4022 0.251567626
4023 -0.000398068315
4024 0.022148556
4025 -0.0452919037
4026 -0.0977132641
4027 0.0890137743
4028 0.0666412692
4029 0.229238443
4030 -0.0154284117
4031 0.0223449723
4032 0.00711899568
4033 0.0296665714
4034 0.0223449723
4035 -0.00751855974
4036 -0.0419303671
4037 0.177796237
4038 0.0371858497
4039 0.0223449723
4040 0.014828512
4041 -0.00751855974
4042 -0.00751855974
4043 -0.00751855974
4044 -3.34483592E-06
4045 -0.000200698419
4046 0.0446895368
4047 0.0595338411
4048 -0.000200698419
4049 -0.000398068315
4050 -3.34483592E-06
4051 -3.34483592E-06
4052 0.014828512
4053 0.0223449723
4054 0.0446895368
4055 -0.00751855974
4056 -0.0150325127
4057 0.00711899568
4058 0.0296665714
4059 -0.00751855974
4060 0.0518181245
4061 0.0369900072
4062 -3.34483592E-06
4063 -0.00751855974
4064 -0.00751855974
4065 0.0146318031
4066 0.021755685
4067 0.0951490644
4068 -0.0150325127
4069 0.259849723
4070 0.0520133185
4071 0.110971954
4072 0.16337148
4073 -0.0152304529
4074 0.103832541
4075 0.0371858497
4076 0.133121975
4077 0.014828512
4078 0.0223449723
4079 0.00711899568
4080 0.0369900072
4081 0.161976948
4082 -0.00079285741
4083 0.27352198
4084 0.333924132
4085 0.014828512
4086 0.014828512
4087 0.0814901596
4088 0.222915419
4089 0.311964494
4090 0.37011516
4091 -0.0077162064
4092 0.385429105
4093 -0.0528026798
4094 0.266828608
4095 0.33410726
4096 0.0516229223
4097 0.0223449723
4098 -0.00751855974
4099 0.133313737
4100 0.0146318031
4101 0.29706537
4102 0.0446895368
4103 0.0967320301
4104 0.0223449723
4105 0.170521203
4106 0.036780282
4107 0.548089104
4108 0.333066316
4109 -0.00751855974
4110 0.73470139
4111 0.0371858497
4112 0.00731607173
4113 0.0595338411
4114 0.0223449723
4115 0.0446895368
4116 0.0446895368
4117 -0.0150325127
4118 0.014828512
4119 0.0666412692
4120 0.215381228
4121 0.104218571
4122 0.0518181245
4123 -0.0300679682
4124 0.00672226224
4125 0.00731607173
4126 -0.00751855974
4127 -0.00751855974
4128 0.036780282
4129 0.0743563152
4130 0.00652521436
4131 0.0446895368
4132 -0.0304651976
4133 0.0223449723
4134 -0.00751855974
4135 -0.0150325127
4136 0.0670556278
4137 0.156474053
4138 0.0520133185
4139 0.014828512
4140 -0.0152304529
4141 0.022148556
4142 0.0892074438
4143 0.0223449723
4144 0.11155012
4145 -3.34483592E-06
4146 0.0146318031
4147 -3.34483592E-06
4148 -0.0150325127
4149 0.0371858497
4150 0.014828512
4151 0.0593389398
4152 0.133889048
4153 0.0223449723
4154 0.0296665714
4155 0.526827315
4156 0.630289956
4157 0.110159522
4158 0.0816841221
4159 0.0294704357
4160 0.111164675
4161 -0.00751855974
4162 -0.00751855974
4163 -0.0150325127
4164 0.00731607173
4165 0.0223449723
4166 0.190706051
4167 0.0369900072
4168 0.0441030757
4169 -0.00751855974
4170 -0.00751855974
4171 -0.0150325127
4172 -3.34483592E-06
4173 -0.00751855974
4174 0.0670556278
4175 0.0595338411
4176 0.0444940592
4177 0.0446895368
4178 -3.34483592E-06
4179 0.022148556
4180 0.014828512
4181 0.0223449723
4182 -0.0150325127
4183 -0.00751855974
4184 -0.00751855974
4185 0.273150981
4186 0.223103436
4187 0.0595338411
4188 0.0668610186
4189 0.0967320301
4190 0.0223449723
4191 0.00731607173
4192 0.215569537
4193 0.021952127
4194 -0.0377798681
4195 -3.34483592E-06
4196 -0.0150325127
4197 -0.000200698419
4198 0.0939536621
4199 -0.000200698419
4200 -0.0452919037
4201 0.014828512
4202 -0.00751855974
4203 -0.000200698419
4204 0.0816841221
4205 0.0967320301
4206 0.0518181245
4207 0.215381228
4208 -0.0318441562
4209 -0.0150325127
4210 0.0446895368
4211 0.0446895368
4212 -0.00751855974
4213 0.0223449723
4214 -0.000200698419
4215 -0.00751855974
4216 0.572503728
4217 0.014828512
4218 0.014828512
4219 -0.00751855974
4220 0.0223449723
4221 0.014828512
4222 -0.0300679682
4223 -0.0375809688
4224 -0.0225537063
4225 -0.00751855974
4226 0.0223449723
4227 -0.00751855974
4228 0.0446895368
4229 0.0223449723
4230 0.0223449723
4231 0.0223449723
4232 0.0967320301
4233 -3.34483592E-06
4234 0.014828512
4235 0.00731607173
4236 0.0223449723
4237 0.0518181245
4238 0.0223449723
4239 0.0223449723
4240 -0.0150325127
4241 -0.0456903635
4242 -0.00751855974
4243 0.014828512
4244 0.0223449723
4245 0.0670556278
4246 0.401577509
4247 0.0520133185
4248 0.0743563152
4249 -3.34483592E-06
4250 0.0223449723
4251 0.104218571
4252 0.0595338411
4253 0.104025556
4254 0.0444940592
4255 0.00711899568
4256 -0.0152304529
4257 0.0814901596
4258 0.0296665714
4259 -0.000200698419
4260 0.022148556
4261 0.0735792815
4262 0.526130303
4263 -0.0225537063
4264 -0.0454911218
4265 0.0223449723
4266 0.0446895368
4267 0.0892074438
4268 0.0516229223
4269 0.0668610186
4270 0.141416117
4271 0.104218571
4272 0.0894011109
4273 0.0296665714
4274 0.0444940592
4275 -0.0231399664
4276 -0.0150325127
4277 0.290375565
4278 0.0296665714
4279 0.119075948
4280 0.126171177
4281 -0.0150325127
4282 0.281060682
4283 0.0369900072
4284 0.00711899568
4285 0.0371858497
4286 -0.00751855974
4287 -0.0150325127
4288 0.014828512
4289 0.0294704357
4290 -0.0229416925
4291 -0.000200698419
4292 0.0296665714
4293 0.0223449723
4294 0.0223449723
4295 0.0223449723
4296 -0.00751855974
4297 -0.0077162064
4298 0.0963089481
4299 0.104218571
4300 0.0520133185
4301 -0.00751855974
4302 0.014828512
4303 0.0223449723
4304 0.021952127
4305 -0.00751855974
4306 -0.00751855974
4307 -0.0150325127
4308 0.156224231
4309 -0.00751855974
4310 -0.00751855974
4311 0.26757275
4312 -0.00751855974
4313 0.0296665714
4314 0.0296665714
4315 0.014828512
4316 0.238175035
4317 0.00731607173
4318 -0.00751855974
4319 -0.00751855974
4320 -0.00751855974
4321 -3.34483592E-06
4322 0.0446895368
4323 0.0223449723
4324 0.00731607173
4325 -3.34483592E-06
4326 0.0223449723
4327 -0.00751855974
4328 -3.34483592E-06
4329 0.0894011109
4330 0.0894011109
4331 0.0894011109
4332 -0.00751855974
4333 0.00711899568
4334 0.0223449723
4335 0.0371858497
4336 -0.00751855974
4337 -0.0077162064
4338 -0.0377798681
4339 0.156224231
4340 0.0890137743
4341 0.111357397
4342 0.0741620641
4343 -0.00751855974
4344 0.014828512
4345 0.022148556
4346 -0.0150325127
4347 0.0223449723
4348 0.141416117
4349 0.237710526
4350 0.0520133185
4351 -0.00751855974
4352 0.0223449723
4353 0.0294704357
4354 0.0296665714
4355 0.0595338411
4356 0.0146318031
4357 0.0296665714
4358 0.0818780809
4359 -0.0150325127
4360 0.014828512
4361 0.0223449723
4362 0.00711899568
4363 0.215569537
4364 0.0741620641
4365 0.0442985721
4366 -0.0225537063
4367 0.0371858497
4368 0.0593389398
4369 -0.00751855974
4370 0.147550581
4371 0.0292742884
4372 0.0369900072
4373 0.223291471
4374 -0.0152304529
4375 0.014828512
4376 0.014828512
4377 0.0520133185
4378 0.186085218
4379 0.684466365
4380 -0.0150325127
4381 0.0894011109
4382 0.126363244
4383 0.0670556278
4384 0.0965022565
4385 0.126363244
4386 0.0371858497
4387 0.0371858497
4388 0.126363244
4389 0.126363244
4390 -3.34483592E-06
4391 0.0446895368
4392 0.0967320301
4393 0.0814901596
4394 -0.00751855974
4395 0.0518181245
4396 0.014828512
4397 0.00731607173
4398 0.0223449723
4399 0.0965022565
4400 -0.0150325127
4401 0.0883994068
4402 0.0737735473
4403 -0.0601350764
4404 -3.34483592E-06
4405 0.126603042
4406 0.0296665714
4407 0.0894011109
4408 0.348702662
4409 0.16375254
4410 0.0743563152
4411 0.0223449723
4412 -0.000200698419
4413 -0.0152304529
4414 0.014828512
4415 0.0818780809
4416 0.0435165285
4417 -0.00751855974
4418 0.0741620641
4419 0.111357397
4420 0.0743563152
4421 0.00672226224
4422 0.0595338411
4423 0.0446895368
4424 -0.0150325127
4425 0.0223449723
4426 -0.00751855974
4427 -0.0152304529
4428 0.0967320301
4429 0.0743563152
4430 0.0518181245
4431 -0.00751855974
4432 0.00731607173
4433 -0.0077162064
4434 0.02155923
4435 0.00731607173
4436 0.0442985721
4437 -0.0528026798
4438 0.0223449723
4439 0.0223449723
4440 0.0520133185
4441 -0.00751855974
4442 0.00731607173
4443 0.0446895368
4444 0.014828512
4445 0.0892074438
4446 -0.0150325127
4447 -0.0300679682
4448 -0.0375809688
4449 0.0595338411
4450 0.0595338411
4451 0.139831652
4452 -0.0150325127
4453 -0.0150325127
4454 0.0223449723
4455 0.014828512
4456 0.11155012
4457 -0.00751855974
4458 0.0892074438
4459 0.0223449723
4460 0.637182438
4461 0.0743563152
4462 -0.000200698419
4463 -0.0150325127
4464 -0.00751855974
4465 0.0223449723
4466 0.0595338411
4467 -3.34483592E-06
4468 -0.0607118484
4469 0.0737735473
4470 0.014828512
4471 0.0223449723
4472 0.147741666
4473 -3.34483592E-06
4474 -0.0150325127
4475 0.0223449723
4476 0.0223449723
4477 0.00672226224
4478 0.0441030757
4479 -0.0152304529
4480 0.0892074438
4481 -3.34483592E-06
4482 -0.0385756884
4483 0.156224231
4484 -0.000200698419
4485 0.0223449723
4486 0.0743563152
4487 0.177986079
4488 -0.00751855974
4489 0.0223449723
4490 0.0223449723
4491 -0.00751855974
4492 0.0223449723
4493 0.00731607173
4494 0.0967320301
4495 0.0223449723
4496 0.0146318031
4497 -3.34483592E-06
4498 0.0146318031
4499 -0.00751855974
4500 0.0446895368
4501 0.0371858497
4502 0.148944452
4503 0.0223449723
4504 0.238175035
4505 0.148562075
4506 0.0223449723
4507 -0.000200698419
4508 0.0741620641
4509 0.141416117
4510 0.0894011109
4511 0.0818780809
4512 0.141224634
4513 0.126603042
4514 0.0888201023
4515 -0.00751855974
4516 0.0593389398
4517 0.0520133185
4518 0.15527018
4519 0.0446895368
4520 -3.34483592E-06
4521 -0.00751855974
4522 0.014828512
4523 0.0892074438
4524 -0.00751855974
4525 0.0446895368
4526 0.00731607173
4527 0.11155012
4528 0.014828512
4529 -3.34483592E-06
4530 0.0668610186
4531 0.0223449723
4532 0.00731607173
4533 0.191840508
4534 0.0371858497
4535 -0.0154284117
4536 0.036780282
4537 0.00731607173
4538 -0.00751855974
4539 0.0670556278
4540 0.0223449723
4541 -0.000595454614
4542 0.0371858497
4543 -3.34483592E-06
4544 0.0892074438
4545 0.0371858497
4546 0.014828512
4547 0.014828512
4548 -3.34483592E-06
4549 0.0888201023
4550 0.0144350802
4551 -0.0225537063
4552 -0.0229416925
4553 0.00731607173
4554 0.33410726
4555 0.0446895368
4556 -0.0225537063
4557 0.014828512
4558 0.0446895368
4559 0.0967320301
4560 0.0296665714
4561 0.0140415919
4562 0.0223449723
4563 0.309706929
4564 0.154888613
4565 0.229988743
4566 0.222351478
4567 0.0670556278
4568 0.0286749589
4569 0.0369900072
4570 0.0369900072
4571 0.0223449723
4572 0.0670556278
4573 0.014828512
4574 0.0591440314
4575 -0.00751855974
4576 0.243845172
4577 -0.00751855974
4578 0.0894011109
4579 0.0670556278
4580 0.0296665714
4581 -0.00751855974
4582 -0.0152304529
4583 0.0670556278
4584 0.00731607173
4585 0.014828512
4586 -0.0077162064
4587 -0.0154284117
4588 0.0743563152
4589 -0.0150325127
4590 0.11155012
4591 0.0670556278
4592 0.0223449723
4593 -0.00751855974
4594 0.734536837
4595 0.014828512
4596 0.0371858497
4597 -0.0225537063
4598 0.0223449723
4599 0.014828512
4600 -0.0077162064
4601 0.00731607173
4602 0.0371858497
4603 0.0223449723
4604 -0.0676458656
4605 -0.00751855974
4606 0.0223449723
4607 -3.34483592E-06
4608 -0.0229416925
4609 0.197976345
4610 0.0146318031
4611 0.0294704357
4612 0.385936007
4613 -0.0229416925
4614 -0.000200698419
4615 0.0520133185
4616 0.252782647
4617 0.088593014
4618 0.0435165285
4619 -0.0150325127
4620 -0.0377798681
4621 0.0223449723
4622 0.0223449723
4623 -0.00751855974
4624 -0.00751855974
4625 0.215757863
4626 0.0446895368
4627 0.0371858497
4628 -0.000200698419
4629 0.0369900072
4630 -0.0158243858
4631 0.0965022565
4632 0.170901638
4633 -0.0150325127
4634 -0.000200698419
4635 0.00672226224
4636 0.245245953
4637 0.0892074438
4638 0.022148556
4639 0.178623003
4640 0.0595338411
4641 0.364522839
4642 0.439360062
4643 0.014828512
4644 0.141416117
4645 0.0967320301
4646 0.0294704357
4647 -0.00751855974
4648 0.215757863
4649 0.0595338411
4650 0.49785693
4651 0.00711899568
4652 -0.0379787896
4653 0.133697273
4654 -3.34483592E-06
4655 0.0223449723
4656 0.170901638
4657 0.185516503
4658 -3.34483592E-06
4659 0.0223449723
4660 -0.00751855974
4661 0.266642634
4662 0.0223449723
4663 -0.00751855974
4664 0.750352484
4665 0.245620091
4666 0.0670556278
4667 0.215757863
4668 -0.00751855974
4669 0.0890137743
4670 0.022148556
4671 -0.0150325127
4672 0.0223449723
4673 0.0223449723
4674 0.0670556278
4675 0.0446895368
4676 0.022148556
4677 -0.00751855974
4678 0.014828512
4679 0.014828512
4680 0.125787052
4681 -0.0227520158
4682 0.0890137743
4683 0.156474053
4684 -0.00079285741
4685 0.0668610186
4686 0.00691929473
4687 -0.0302665724
4688 -0.00830925171
4689 0.0369900072
4690 0.125979113
4691 -0.00751855974
4692 -0.0150325127
4693 0.014828512
4694 -0.00751855974
4695 0.014828512
4696 -0.00751855974
4697 0.0146318031
4698 0.0593389398
4699 -0.0150325127
4700 0.0371858497
4701 0.0816841221
4702 -0.00751855974
4703 0.133889048
4704 0.014828512
4705 0.0223449723
4706 -0.00751855974
4707 0.0520133185
4708 -0.00751855974
4709 -3.34483592E-06
4710 0.0589491157
4711 -0.0227520158
4712 0.0670556278
4713 0.0371858497
4714 0.14875326
4715 0.014828512
4716 0.0446895368
4717 0.0223449723
4718 -3.34483592E-06
4719 0.0442985721
4720 0.021952127
4721 0.0294704357
4722 0.140841685
4723 0.00711899568
4724 0.014828512
4725 0.0894011109
4726 0.0894011109
4727 0.0595338411
4728 0.0595338411
4729 -0.00751855974
4730 0.0292742884
4731 0.0371858497
4732 -3.34483592E-06
4733 -0.00751855974
4734 0.0296665714
4735 0.014828512
4736 0.014828512
4737 0.0223449723
4738 0.0520133185
4739 0.00731607173
4740 -0.0150325127
4741 0.178623003
4742 0.0668610186
4743 0.0743563152
4744 -0.031049489
4745 0.0284788367
4746 -0.0077162064
4747 0.0296665714
4748 -0.0150325127
4749 0.0741620641
4750 0.0223449723
4751 0.014828512
4752 0.0446895368
4753 -0.0225537063
4754 0.00731607173
4755 0.00731607173
4756 0.506683201
4757 -0.000398068315
4758 0.021755685
4759 0.0446895368
4760 0.0446895368
4761 0.014828512
4762 0.155651777
4763 -0.00751855974
4764 -0.00751855974
4765 -0.00751855974
4766 -0.00751855974
4767 -3.34483592E-06
4768 -0.000200698419
4769 0.0894011109
4770 0.148314959
4771 0.00731607173
4772 -0.0375809688
4773 -0.00791387055
4774 -0.0150325127
4775 0.0223449723
4776 0.0223449723
4777 0.0223449723
4778 -0.0150325127
4779 0.0223449723
4780 0.0223449723
4781 0.014828512
4782 0.014828512
4783 -3.34483592E-06
4784 -0.000200698419
4785 -0.0077162064
4786 -0.0300679682
4787 0.0446895368
4788 0.0446895368
4789 0.0520133185
4790 -0.0300679682
4791 0.0818780809
4792 0.245058917
4793 0.022148556
4794 0.0446895368
4795 0.156033405
4796 0.133697273
4797 -3.34483592E-06
4798 0.0223449723
4799 0.0816841221
4800 0.0369900072
4801 0.022148556
4802 0.0223449723
4803 0.0593389398
4804 -0.0225537063
4805 -0.0150325127
4806 -3.34483592E-06
4807 0.0223449723
4808 -3.34483592E-06
4809 -0.0150325127
4810 -3.34483592E-06
4811 -0.0150325127
4812 -0.00751855974
4813 0.022148556
4814 -0.00751855974
4815 -0.000200698419
4816 0.0371858497
4817 0.0371858497
4818 0.0223449723
4819 0.0446895368
4820 -0.0300679682
4821 0.014828512
4822 0.0223449723
4823 0.0223449723
4824 0.156033405
4825 0.193616032
4826 0.0894011109
4827 0.0520133185
4828 0.735195635
4829 0.0146318031
4830 0.014828512
4831 0.126171177
4832 -0.00751855974
4833 0.014828512
4834 0.0668610186
4835 0.0816841221
4836 0.0446895368
4837 -3.34483592E-06
4838 0.0595338411
4839 0.0371858497
4840 0.0371858497
4841 -0.00751855974
4842 -0.0302665724
4843 -3.34483592E-06
4844 0.0371858497
4845 -0.00751855974
4846 -0.0154284117
4847 0.148123855
4848 -0.00751855974
4849 0.014828512
4850 -0.00751855974
4851 0.0223449723
4852 0.0223449723
4853 0.0223449723
4854 0.0223449723
4855 0.014828512
4856 0.0446895368
4857 0.0371858497
4858 0.0371858497
4859 -0.0150325127
4860 0.0894011109
4861 0.0223449723
4862 0.0446895368
4863 0.0223449723
4864 0.00731607173
4865 0.0591440314
4866 0.00731607173
4867 0.0371858497
4868 0.0670556278
4869 0.00731607173
4870 0.0516229223
4871 -0.0150325127
4872 -0.00751855974
4873 0.119075948
4874 0.0223449723
4875 0.238362489
4876 0.00731607173
4877 -0.00751855974
4878 -0.00751855974
4879 -0.00751855974
4880 0.0446895368
4881 0.155842587
4882 -0.00791387055
4883 -3.34483592E-06
4884 0.0670556278
4885 0.14875326
4886 -0.0452919037
4887 -0.00751855974
4888 -0.0225537063
4889 -0.00751855974
4890 0.0967320301
4891 -0.0150325127
4892 0.0894011109
4893 0.0668610186
4894 0.0223449723
4895 -0.0150325127
4896 0.0446895368
4897 0.0894011109
4898 0.126171177
4899 0.275110679
4900 -3.34483592E-06
4901 -3.34483592E-06
4902 -0.00751855974
4903 0.223291471
4904 0.0296665714
4905 0.0892074438
4906 0.0504325054
4907 -0.00751855974
4908 0.0223449723
4909 0.0510372649
4910 0.0223449723
4911 0.00731607173
4912 0.0223449723
4913 0.014828512
4914 -0.00751855974
4915 -0.00751855974
4916 0.0223449723
4917 0.014828512
4918 -0.00751855974
4919 0.0520133185
4920 0.0223449723
4921 0.0142383432
4922 -0.00751855974
4923 0.0967320301
4924 0.0446895368
4925 0.327113637
4926 0.156224231
4927 0.0670556278
4928 0.0223449723
4929 -3.34483592E-06
4930 0.0446895368
4931 0.290375565
4932 0.104218571
4933 0.0223449723
4934 0.0816841221
4935 0.022148556
4936 0.0296665714
4937 0.0296665714
4938 -0.0528026798
4939 0.0369900072
4940 0.0223449723
4941 -0.0150325127
4942 0.0446895368
4943 0.00731607173
4944 -0.0150325127
4945 0.126603042
4946 -0.0150325127
4947 -0.00751855974
4948 -0.00751855974
4949 -0.00751855974
4950 -0.0150325127
4951 0.0446895368
4952 0.00711899568
4953 0.00731607173
4954 0.0371858497
4955 0.0223449723
4956 -3.34483592E-06
4957 -0.00751855974
4958 -0.0152304529
4959 -0.00751855974
4960 -0.00751855974
4961 0.110971954
4962 -0.0150325127
4963 -0.00751855974
4964 0.0442985721
4965 0.0223449723
4966 0.0223449723
4967 0.0223449723
4968 -0.0300679682
4969 -0.00751855974
4970 -0.00751855974
4971 -0.00751855974
4972 0.118453986
4973 -0.0150325127
4974 -0.0375809688
4975 0.0223449723
4976 -0.00751855974
4977 -0.0150325127
4978 0.0223449723
4979 -0.00791387055
4980 -0.0077162064
4981 -0.0676458656
4982 -0.0454911218
4983 -0.0676458656
4984 -0.00751855974
4985 0.00731607173
4986 0.27548232
4987 0.215946205
4988 -0.00751855974
4989 -0.00751855974
4990 0.0223449723
4991 0.0933738621
4992 0.0446895368
4993 0.014828512
4994 0.0223449723
4995 0.0595338411
4996 0.0223449723
4997 0.0223449723
4998 -0.038760081
4999 -0.0227520158
5000 -3.34483592E-06
5001 0.0223449723
5002 0.014828512
5003 -0.00751855974
5004 0.171282115
5005 -0.00751855974
5006 0.0223449723
5007 0.00731607173
5008 0.0967320301
5009 0.364340864
5010 0.0446895368
5011 0.148944452
5012 0.00731607173
5013 -0.0150325127
5014 0.0520133185
5015 0.0223449723
5016 0.0446895368
5017 0.0371858497
5018 -0.0150325127
5019 0.0446895368
5020 -0.00751855974
5021 -0.0077162064
5022 -0.00751855974
5023 0.0223449723
5024 0.022148556
5025 0.126603042
5026 0.014828512
5027 0.0223449723
5028 0.148562075
5029 -0.000200698419
5030 0.0670556278
5031 0.0223449723
5032 0.0223449723
5033 0.0223449723
5034 0.00711899568
5035 0.014828512
5036 0.0223449723
5037 0.014828512
5038 0.0446895368
5039 -3.34483592E-06
5040 0.0223449723
5041 0.014828512
5042 0.014828512
5043 0.103832541
5044 0.0446895368
5045 -0.00751855974
5046 0.014828512
5047 0.0520133185
5048 -0.00791387055
5049 -3.34483592E-06
5050 -0.00751855974
5051 0.0668610186
5052 -0.00811155229
5053 -0.00751855974
5054 -3.34483592E-06
5055 0.0223449723
5056 0.0296665714
5057 0.014828512
5058 -0.00751855974
5059 0.0446895368
5060 -0.0225537063
5061 0.0446895368
5062 0.014828512
5063 0.0223449723
5064 -0.0150325127
5065 -0.0077162064
5066 0.0369900072
5067 0.0668610186
5068 0.0439075696
5069 0.0223449723
5070 0.014828512
5071 0.00731607173
5072 0.014828512
5073 0.014828512
5074 -0.00751855974
5075 -0.00751855974
5076 0.0223449723
5077 0.014828512
5078 0.014828512
5079 -0.00751855974
5080 -0.00751855974
5081 -0.00751855974
5082 -0.00751855974
5083 -0.00751855974
5084 -0.00751855974
5085 -0.00751855974
5086 0.0444940592
5087 0.0223449723
5088 -0.0302665724
5089 0.014828512
5090 -0.0302665724
5091 -0.00751855974
5092 0.0223449723
5093 0.014828512
5094 0.014828512
5095 0.014828512
5096 0.0668610186
5097 0.0595338411
5098 0.0371858497
5099 0.0223449723
5100 0.0223449723
5101 0.0520133185
5102 0.0296665714
5103 0.014828512
5104 0.014828512
5105 0.00731607173
5106 0.215569537
5107 0.186085218
5108 0.022148556
5109 -0.0154284117
5110 0.20077012
5111 0.141224634
5112 0.0371858497
5113 0.0371858497
5114 0.0595338411
5115 0.00731607173
5116 0.0444940592
5117 0.088593014
5118 0.088593014
5119 -0.00751855974
5120 0.014828512
5121 -0.00751855974
5122 0.0894011109
5123 0.014828512
5124 0.111742843
5125 0.0446895368
5126 0.0446895368
5127 -0.00751855974
5128 0.0223449723
5129 -0.00751855974
5130 0.00731607173
5131 -0.00751855974
5132 0.014828512
5133 -0.00751855974
5134 0.0146318031
5135 -3.34483592E-06
5136 0.0223449723
5137 0.0670556278
5138 0.0593389398
5139 0.0595338411
5140 -0.000200698419
5141 0.0296665714
5142 0.014828512
5143 0.0670556278
5144 0.0670556278
5145 0.0296665714
5146 0.0595338411
5147 0.014828512
5148 0.0223449723
5149 0.0371858497
5150 0.0223449723
5151 0.0670556278
5152 0.0595338411
5153 0.0668610186
5154 0.0146318031
5155 -0.00751855974
5156 -0.0375809688
5157 -0.0225537063
5158 -0.0150325127
5159 0.0223449723
5160 -0.0150325127
5161 0.0371858497
5162 0.14875326
5163 0.0741620641
5164 -0.00751855974
5165 0.0223449723
5166 -0.0150325127
5167 0.0371858497
5168 -0.0150325127
5169 -0.0150325127
5170 0.0223449723
5171 0.0446895368
5172 0.0371858497
5173 0.0668610186
5174 0.0591440314
5175 -0.0152304529
5176 0.0446895368
5177 0.0223449723
5178 0.0223449723
5179 0.0223449723
5180 0.0223449723
5181 -0.00751855974
5182 -0.0152304529
5183 0.0595338411
5184 -0.00751855974
5185 0.0296665714
5186 -0.0225537063
5187 0.0146318031
5188 -0.00751855974
5189 0.0371858497
5190 0.0223449723
5191 -0.0150325127
5192 -0.00751855974
5193 -0.00850696889
5194 -0.0375809688
5195 0.0666412692
5196 -0.0150325127
5197 0.014828512
5198 0.0967320301
5199 0.0444940592
5200 0.00731607173
5201 0.282649874
5202 0.0965022565
5203 0.0892074438
5204 0.014828512
5205 0.401757888
5206 0.0441030757
5207 0.0818780809
5208 0.0516229223
5209 -0.00751855974
5210 -0.00751855974
5211 0.0743563152
5212 0.0441030757
5213 0.0520133185
5214 0.0446895368
5215 0.0223449723
5216 -0.000989903444
5217 -0.00751855974
5218 0.0446895368
5219 0.0444940592
5220 0.104218571
5221 0.16375254
5222 -0.0227520158
5223 0.021755685
5224 0.541425891
5225 0.0444940592
5226 0.319876125
5227 0.0668610186
5228 -0.00751855974
5229 0.0593389398
5230 0.0146318031
5231 0.0371858497
5232 0.222079774
5233 0.259477063
5234 0.385936007
5235 0.155651777
5236 0.244497937
5237 0.229988743
5238 0.0589491157
5239 0.0294704357
5240 0.0518181245
5241 0.0365844908
5242 -0.00751855974
5243 0.55406312
5244 0.0516229223
5245 0.109966873
5246 0.0371858497
5247 0.0743563152
5248 0.0294704357
5249 0.0223449723
5250 -0.0225537063
5251 0.0223449723
5252 -0.0482644714
5253 0.0595338411
5254 -0.0172044068
5255 0.156033405
5256 0.0818780809
5257 0.111742843
5258 0.0741620641
5259 0.0296665714
5260 -0.0156263893
5261 0.132496741
5262 0.0737735473
5263 0.00731607173
5264 -0.00751855974
5265 0.0223449723
5266 -0.00751855974
5267 0.0223449723
5268 -0.00751855974
5269 0.155460975
5270 0.014828512
5271 -0.00830925171
5272 -3.34483592E-06
5273 0.0371858497
5274 -0.0162204356
5275 0.00711899568
5276 0.0818780809
5277 0.00731607173
5278 0.014828512
5279 0.0136480465
5280 -0.000200698419
5281 -0.0150325127
5282 -0.0225537063
5283 -0.0763585721
5284 0.088593014
5285 -0.00751855974
5286 -0.00791387055
5287 -0.0150325127
5288 0.104218571
5289 -0.0300679682
5290 0.0743563152
5291 0.326746618
5292 0.185895634
5293 0.0446895368
5294 0.126171177
5295 0.37911235
5296 0.0223449723
5297 0.0223449723
5298 -0.00751855974
5299 0.014828512
5300 -0.00751855974
5301 0.0442985721
5302 0.00652521436
5303 0.207848303
5304 0.00731607173
5305 -3.34483592E-06
5306 0.0446895368
5307 -0.00751855974
5308 -3.34483592E-06
5309 0.0369900072
5310 -0.00751855974
5311 0.0593389398
5312 0.0371858497
5313 -0.0150325127
5314 0.0223449723
5315 0.0223449723
5316 0.0444940592
5317 -0.0150325127
5318 -0.00751855974
5319 0.623467482
5320 0.0518181245
5321 -0.0150325127
5322 0.00691929473
5323 -0.000200698419
5324 -0.00751855974
5325 0.0223449723
5326 0.0818780809
5327 0.148944452
5328 0.171091871
5329 0.014828512
5330 0.0743563152
5331 0.0743563152
5332 0.0371858497
5333 0.0223449723
5334 0.0595338411
5335 0.0371858497
5336 0.0369900072
5337 0.0223449723
5338 0.0741620641
5339 0.0890137743
5340 0.0890137743
5341 0.0371858497
5342 0.0741620641
5343 0.0446895368
5344 0.0670556278
5345 0.20077012
5346 0.0670556278
5347 0.684634313
5348 0.0818780809
5349 0.20077012
5350 0.647193605
5351 0.379293645
5352 0.0894011109
5353 0.0371858497
5354 0.126603042
5355 -0.0150325127
5356 0.0446895368
5357 0.0894011109
5358 0.156224231
5359 0.0818780809
5360 -0.00751855974
5361 0.0446895368
5362 0.014828512
5363 0.00731607173
5364 0.022148556
5365 0.415290246
5366 0.11155012
5367 0.0223449723
5368 0.0818780809
5369 0.0146318031
5370 0.222351478
5371 -0.00751855974
5372 0.223291471
5373 0.266642634
5374 0.170711415
5375 0.0223449723
5376 0.0223449723
5377 0.199372389
5378 0.0735792815
5379 0.0739678082
5380 -0.000200698419
5381 0.118883517
5382 0.667388045
5383 0.192669699
5384 -0.0150325127
5385 0.104218571
5386 -0.00751855974
5387 0.00731607173
5388 0.578642888
5389 0.0892074438
5390 0.0520133185
5391 0.014828512
5392 0.0223449723
5393 -0.000595454614
5394 -3.34483592E-06
5395 -0.0225537063
5396 -0.00751855974
5397 -0.00751855974
5398 -0.00751855974
5399 0.0223449723
5400 0.0223449723
5401 0.0223449723
5402 0.0223449723
5403 0.00672226224
5404 0.0520133185
5405 0.0223449723
5406 0.0593389398
5407 0.0296665714
5408 0.014828512
5409 0.014828512
5410 0.0446895368
5411 0.00691929473
5412 -0.0152304529
5413 0.0670556278
5414 0.223103436
5415 0.00731607173
5416 0.692376713
5417 0.166972885
5418 -0.000200698419
5419 0.177986079
5420 0.0223449723
5421 -0.00751855974
5422 -0.00751855974
5423 -0.00751855974
5424 0.303201392
5425 0.0668610186
5426 0.0144350802
5427 0.163180964
5428 0.00711899568
5429 -0.000200698419
5430 0.0737735473
5431 0.0743563152
5432 0.0591440314
5433 0.0814901596
5434 0.0731907345
5435 0.0223449723
5436 -3.34483592E-06
5437 0.0223449723
5438 0.11155012
5439 0.513325907
5440 0.014828512
5441 0.0296665714
5442 0.184758388
5443 0.00731607173
5444 -0.0450927089
5445 -0.0377798681
5446 -0.0227520158
5447 -0.0526230273
5448 0.0223449723
5449 0.0223449723
5450 0.193048192
5451 -0.00751855974
5452 -0.00751855974
5453 0.0223449723
5454 0.0223449723
5455 0.0296665714
5456 -0.0150325127
5457 0.0223449723
5458 0.0223449723
5459 -3.34483592E-06
5460 -0.000200698419
5461 0.0142383432
5462 0.022148556
5463 -0.00751855974
5464 -0.00751855974
5465 -0.00751855974
5466 -0.00751855974
5467 -0.00751855974
5468 0.133697273
5469 0.0743563152
5470 0.380494698
5471 0.0965022565
5472 0.0223449723
5473 -0.0225537063
5474 0.0369900072
5475 0.0296665714
5476 0.141224634
5477 -0.0302665724
5478 0.0593389398
5479 -0.0225537063
5480 0.022148556
5481 0.0957290139
5482 0.014828512
5483 0.0520133185
5484 0.520689886
5485 0.0888201023
5486 -0.00751855974
5487 0.245058917
5488 0.0518181245
5489 -0.00791387055
5490 0.125979113
5491 0.0446895368
5492 0.0296665714
5493 0.0444940592
5494 0.00672226224
5495 0.0223449723
5496 -0.00751855974
5497 0.014828512
5498 0.0223449723
5499 0.0223449723
5500 0.0223449723
5501 0.868587119
5502 2.35365809
5503 0.0371858497
5504 0.0666412692
5505 0.200959109
5506 -0.000200698419
5507 0.252595903
5508 0.0737735473
5509 0.0334376907
5510 -0.0150325127
5511 -0.00751855974
5512 0.0223449723
5513 0.0223449723
5514 -0.00751855974
5515 -0.000200698419
5516 0.0223449723
5517 0.0812961933
5518 0.0292742884
5519 0.021755685
5520 0.104025556
5521 0.185137421
5522 0.783204909
5523 0.274182035
5524 0.0223449723
5525 0.0664467195
5526 -0.00751855974
5527 0.0223449723
5528 0.0595338411
5529 0.0223449723
5530 0.0662521636
5531 0.00711899568
5532 0.170711415
5533 0.21360662
5534 -0.00751855974
5535 0.0134667667
5536 -0.00138464338
5537 0.0371858497
5538 -0.00751855974
5539 -0.0452919037
5540 0.0223449723
5541 0.0223449723
5542 0.245245953
5543 0.0296665714
5544 -0.0150325127
5545 0.0520133185
5546 0.0595338411
5547 0.0595338411
5548 0.0223449723
5549 0.0146318031
5550 0.0294704357
5551 0.126171177
5552 -3.34483592E-06
5553 -0.000595454614
5554 0.133313737
5555 0.0595338411
5556 0.0816841221
5557 0.0593389398
5558 0.00731607173
5559 0.014828512
5560 -0.00751855974
5561 0.126363244
5562 0.0737735473
5563 0.118261631
5564 0.0892074438
5565 0.259104498
5566 0.0371858497
5567 0.0444940592
5568 -3.34483592E-06
5569 0.0737735473
5570 0.0967320301
5571 0.00711899568
5572 0.0666412692
5573 0.0296665714
5574 0.0223449723
5575 -0.0150325127
5576 0.0369900072
5577 0.014828512
5578 0.0446895368
5579 -0.000200698419
5580 0.0223449723
5581 0.0371858497
5582 0.0892074438
5583 -3.34483592E-06
5584 0.00731607173
5585 -0.0379787896
5586 -0.00870470394
5587 0.00731607173
5588 0.0296665714
5589 0.0444940592
5590 0.0223449723
5591 0.0670556278
5592 0.0520133185
5593 0.014828512
5594 0.0446895368
5595 -0.00751855974
5596 0.0296665714
5597 0.0743563152
5598 -0.00751855974
5599 0.00731607173
5600 0.0223449723
5601 0.0371858497
5602 0.0520133185
5603 0.0223449723
5604 -0.00751855974
5605 -0.0150325127
5606 0.104218571
5607 -0.00751855974
5608 0.229988743
5609 0.110544821
5610 0.163180964
5611 -0.00751855974
5612 0.0223449723
5613 -0.0607118484
5614 0.0223449723
5615 0.036780282
5616 -0.0229416925
5617 0.593771135
5618 0.349067588
5619 0.162799958
5620 0.147741666
5621 0.799650719
5622 0.0223449723
5623 0.0296665714
5624 -3.34483592E-06
5625 -0.00751855974
5626 0.014828512
5627 0.0371858497
5628 0.339751996
5629 0.288970553
5630 0.0223449723
5631 -0.00751855974
5632 0.0668610186
5633 0.0223449723
5634 0.0816841221
5635 0.0223449723
5636 0.290190338
5637 -0.00751855974
5638 -0.0150325127
5639 -0.0628880841
5640 0.0804899293
5641 0.014828512
5642 0.0595338411
5643 0.244310986
5644 0.0223449723
5645 0.0595338411
5646 0.0595338411
5647 0.0371858497
5648 0.0727747187
5649 -0.0379787896
5650 0.0520133185
5651 0.0816841221
5652 0.0292742884
5653 -0.00751855974
5654 0.141033157
5655 1.1735468
5656 0.386116838
5657 0.126363244
5658 0.0444940592
5659 0.282278923
5660 0.208036904
5661 -0.00751855974
5662 0.0656684586
5663 0.014828512
5664 0.164380632
5665 0.022148556
5666 0.0296665714
5667 0.0743563152
5668 0.252595903
5669 0.00731607173
5670 0.014828512
5671 -0.00751855974
5672 -0.0526230273
5673 0.133889048
5674 0.0444940592
5675 0.0894011109
5676 0.022148556
5677 0.0223449723
5678 0.0518181245
5679 0.0743563152
5680 0.0670556278
5681 0.119075948
5682 0.0894011109
5683 0.543369961
5684 0.156224231
5685 0.0223449723
5686 0.0223449723
5687 -3.34483592E-06
5688 0.00731607173
5689 -3.34483592E-06
5690 0.0743563152
5691 0.163180964
5692 -0.0150325127
5693 0.0595338411
5694 0.022148556
5695 0.0296665714
5696 0.639793896
5697 -0.00751855974
5698 -3.34483592E-06
5699 0.00731607173
5700 -0.00079285741
5701 0.014828512
5702 -0.0150325127
5703 0.028871069
5704 0.0294704357
5705 0.104025556
5706 0.0369900072
5707 -0.0229416925
5708 0.0371858497
5709 0.0431254481
5710 0.208304049
5711 0.0520133185
5712 0.0223449723
5713 0.0965022565
5714 0.0441030757
5715 0.0814901596
5716 0.118883517
5717 0.0371858497
5718 -0.00751855974
5719 0.0296665714
5720 0.036780282
5721 0.036780282
5722 0.0223449723
5723 -0.00217432615
5724 -0.0314467794
5725 -0.0383766996
5726 -0.00751855974
5727 -0.0150325127
5728 0.0223449723
5729 -0.00751855974
5730 -0.00751855974
5731 0.0223449723
5732 -0.00751855974
5733 0.00672226224
5734 0.00672226224
5735 -0.0526230273
5736 0.0666412692
5737 -0.0450927089
5738 -0.00751855974
5739 -0.00751855974
5740 0.0446895368
5741 -0.0304651976
5742 -3.34483592E-06
5743 0.00731607173
5744 0.0296665714
5745 -0.00751855974
5746 0.0223449723
5747 -0.00751855974
5748 -0.00751855974
5749 -0.0150325127
5750 -0.00751855974
5751 -0.0377798681
5752 0.0670556278
5753 -0.0450927089
5754 0.0593389398
5755 0.0894011109
5756 0.014828512
5757 -0.0225537063
5758 -3.34483592E-06
5759 -0.000200698419
5760 -0.0225537063
5761 -0.000200698419
5762 -0.0154284117
5763 0.0296665714
5764 0.0670556278
5765 -3.34483592E-06
5766 -0.0300679682
5767 0.0223449723
5768 -0.0225537063
5769 0.0369900072
5770 0.0664467195
5771 0.0593389398
5772 0.0967320301
5773 -0.0755563412
5774 0.0223449723
5775 0.014828512
5776 0.0223449723
5777 0.0371858497
5778 0.0371858497
5779 0.014828512
5780 0.0743563152
5781 0.0516229223
5782 0.193048192
5783 -0.00751855974
5784 -0.0154284117
5785 0.0146318031
5786 -0.00751855974
5787 -0.00751855974
5788 -0.0150325127
5789 0.00731607173
5790 0.0446895368
5791 -0.000200698419
5792 0.0146318031
5793 0.0595338411
5794 -0.00791387055
5795 0.304975404
5796 0.0223449723
5797 -0.0227520158
5798 -0.000398068315
5799 -0.0077162064
5800 -0.00751855974
5801 0.014828512
5802 0.0892074438
5803 0.0894011109
5804 -0.0225537063
5805 -0.000398068315
5806 -0.00791387055
5807 -0.00751855974
5808 0.104218571
5809 -0.00751855974
5810 0.104218571
5811 0.0446895368
5812 0.0223449723
5813 -0.00751855974
5814 0.0446895368
5815 0.0446895368
5816 0.0670556278
5817 0.022148556
5818 -0.00751855974
5819 0.0140415919
5820 0.00731607173
5821 -0.00751855974
5822 -0.0150325127
5823 -0.00751855974
5824 0.103446509
5825 -0.000398068315
5826 0.0292742884
5827 -0.0150325127
5828 0.0965022565
5829 -0.00751855974
5830 0.0668610186
5831 -0.0302665724
5832 -0.0152304529
5833 0.0514277117
5834 -0.00751855974
5835 -0.0150325127
5836 0.0369900072
5837 -0.00791387055
5838 0.00731607173
5839 -0.0150325127
5840 -0.00751855974
5841 0.00672226224
5842 0.014828512
5843 0.0223449723
5844 0.0520133185
5845 -0.0150325127
5846 0.0446895368
5847 0.014828512
5848 0.014828512
5849 -0.00751855974
5850 0.0296665714
5851 -0.00751855974
5852 0.0371858497
5853 0.0223449723
5854 0.0296665714
5855 0.0296665714
5856 0.0593389398
5857 0.0593389398
5858 -0.0150325127
5859 0.036780282
5860 -0.0832660249
5861 -0.0150325127
5862 0.0595338411
5863 0.0292742884
5864 -0.0229416925
5865 0.0371858497
5866 0.0818780809
5867 -0.053002195
5868 0.0741620641
5869 -0.0154284117
5870 0.0520133185
5871 0.014828512
5872 -0.0456903635
5873 0.0816841221
5874 -0.0150325127
5875 0.156224231
5876 0.156224231
5877 0.0670556278
5878 -0.00751855974
5879 0.0294704357
5880 0.0816841221
5881 0.0223449723
5882 -0.00751855974
5883 0.014828512
5884 -0.038760081
5885 0.0354095154
5886 0.795258041
5887 0.208036904
5888 -0.00870470394
5889 -0.00751855974
5890 -0.00751855974
5891 0.178433062
5892 0.0223449723
5893 0.0223449723
5894 0.444973325
5895 0.0595338411
5896 0.0223449723
5897 -0.00751855974
5898 -0.135491311
5899 -0.00751855974
5900 0.014828512
5901 0.0741620641
5902 -0.0300679682
5903 0.0446895368
5904 0.0223449723
5905 0.0369900072
5906 -0.0375809688
5907 -0.0150325127
5908 0.104218571
5909 0.0595338411
5910 0.467989595
5911 0.0223449723
5912 -0.00751855974
5913 0.103832541
5914 0.2371486
5915 -0.00751855974
5916 -0.00751855974
5917 0.0520133185
5918 0.0223449723
5919 0.170901638
5920 -0.000200698419
5921 -0.0609117129
5922 0.193237458
5923 0.0518181245
5924 0.014828512
5925 -0.0150325127
5926 -0.00751855974
5927 -0.00751855974
5928 0.431448514
5929 0.208036904
5930 -0.00791387055
5931 -0.0225537063
5932 0.0223449723
5933 -0.00751855974
5934 -0.0225537063
5935 0.0223449723
5936 -0.0904058171
5937 -0.0150325127
5938 0.0296665714
5939 -0.0302665724
5940 0.0296665714
5941 0.110971954
5942 0.289525623
5943 0.0446895368
5944 0.0223449723
5945 -3.34483592E-06
5946 -0.0150325127
5947 -0.00751855974
5948 -0.00751855974
5949 0.0146318031
5950 0.022148556
5951 0.133697273
5952 0.0818780809
5953 0.311662808
5954 0.362568081
5955 0.0441030757
5956 0.0516229223
5957 0.275110679
5958 0.0953423828
5959 0.757155571
5960 0.014828512
5961 0.00691929473
5962 0.662843982
5963 0.126363244
5964 0.0818780809
5965 0.00711899568
5966 -0.00751855974
5967 0.0668610186
5968 0.021952127
5969 -0.0077162064
5970 0.200959109
5971 0.104025556
5972 -0.0450927089
5973 0.408974592
5974 -0.00751855974
5975 -0.0150325127
5976 -0.0150325127
5977 0.134080827
5978 0.0146318031
5979 0.0520133185
5980 0.0142383432
5981 0.0955356992
5982 0.0949557441
5983 0.460434961
5984 0.0890137743
5985 0.356248287
5986 0.132113389
5987 -0.0150325127
5988 0.0743563152
5989 0.126363244
5990 -0.0300679682
5991 0.0446895368
5992 0.0967320301
5993 0.00731607173
5994 0.0296665714
5995 0.0223449723
5996 0.0223449723
5997 -0.0528026798
5998 0.0593389398
5999 0.0963089481
6000 0.00731607173
6001 0.0223449723
6002 0.0371858497
6003 0.0446895368
6004 0.0223449723
6005 -0.00751855974
6006 -0.00751855974
6007 0.0371858497
6008 -0.0300679682
6009 -0.0225537063
6010 0.0369900072
6011 0.0223449723
6012 0.0520133185
6013 0.022148556
6014 0.0812961933
6015 -0.000200698419
6016 -0.0150325127
6017 0.134080827
6018 0.0369900072
6019 0.103253493
6020 0.0520133185
6021 0.0739678082
6022 -0.0227520158
6023 0.022148556
6024 -0.0302665724
6025 0.0446895368
6026 0.0520133185
6027 -0.0601350764
6028 -0.0150325127
6029 -3.34483592E-06
6030 0.0743563152
6031 0.0959223269
6032 0.32656316
6033 0.192858939
6034 0.37838759
6035 0.571640723
6036 0.0890137743
6037 0.296511185
6038 0.519639975
6039 0.0442985721
6040 0.0883994068
6041 0.133313737
6042 -0.0300679682
6043 0.00731607173
6044 0.0223449723
6045 -0.00751855974
6046 -0.00751855974
6047 0.0365844908
6048 0.0146318031
6049 0.014828512
6050 0.0965022565
6051 0.0142383432
6052 0.00691929473
6053 0.133505503
6054 0.141224634
6055 0.0371858497
6056 0.168302463
6057 0.014828512
6058 0.171091871
6059 0.310191311
6060 0.118069277
6061 0.0955356992
6062 -0.00751855974
6063 0.0128559318
6064 0.0883994068
6065 0.0814901596
6066 0.148123855
6067 0.0444940592
6068 0.00691929473
6069 0.0814901596
6070 -0.0239332631
6071 0.304237486
6072 0.0223449723
6073 0.0520133185
6074 0.0444940592
6075 -0.000200698419
6076 0.148944452
6077 0.0223449723
6078 0.312148664
6079 0.81529667
6080 0.0223449723
6081 0.148123855
6082 0.110779234
6083 0.0589491157
6084 0.104025556
6085 0.0591440314
6086 0.230638602
6087 0.363112879
6088 0.169506334
6089 0.237523197
6090 0.119075948
6091 0.141416117
6092 0.0818780809
6093 0.0223449723
6094 0.0446895368
6095 -0.0225537063
6096 0.0591440314
6097 0.170901638
6098 -0.00751855974
6099 -0.00811155229
6100 0.110971954
6101 -3.34483592E-06
6102 0.0223449723
6103 0.0516229223
6104 0.141033157
6105 0.104218571
6106 0.0369900072
6107 0.00652521436
6108 -0.00751855974
6109 0.0292742884
6110 0.0595338411
6111 -3.34483592E-06
6112 -0.0152304529
6113 0.022148556
6114 -0.00751855974
6115 0.0371858497
6116 -0.000398068315
6117 0.267386677
6118 0.014828512
6119 0.0442985721
6120 0.0520133185
6121 -0.00751855974
6122 0.022148556
6123 -3.34483592E-06
6124 0.0963089481
6125 0.169126167
6126 0.215569537
6127 0.208036904
6128 0.0142383432
6129 0.0446895368
6130 -0.00751855974
6131 0.014828512
6132 0.237710526
6133 0.342018406
6134 0.0223449723
6135 1.35688991
6136 3.35165282
6137 -3.34483592E-06
6138 0.0520133185
6139 -0.00751855974
6140 -0.0225537063
6141 -0.00751855974
6142 -0.0225537063
6143 0.0670556278
6144 0.207848303
6145 0.0743563152
6146 -0.00751855974
6147 0.0446895368
6148 0.0223449723
6149 0.0296665714
6150 0.110971954
6151 -0.0150325127
6152 0.0446895368
6153 0.0223449723
6154 0.014828512
6155 -0.0753558543
6156 0.0593389398
6157 0.103639525
6158 0.147932757
6159 0.0223449723
6160 -0.000200698419
6161 -0.00751855974
6162 0.0371858497
6163 0.028871069
6164 4.30338079
6165 0.0589491157
6166 0.0292742884
6167 -0.0383766996
6168 0.00731607173
6169 0.0223449723
6170 -0.0377798681
6171 -0.0308508759
6172 0.0892074438
6173 0.00691929473
6174 0.00731607173
6175 0.00711899568
6176 0.0223449723
6177 0.014828512
6178 0.0371858497
6179 -3.34483592E-06
6180 0.014828512
6181 -0.00751855974
6182 -0.00751855974
6183 0.0296665714
6184 0.0290781292
6185 0.0223449723
6186 0.0446895368
6187 0.0223449723
6188 -0.00751855974
6189 0.0223449723
6190 0.0223449723
6191 0.117492226
6192 0.0223449723
6193 -0.0300679682
6194 0.0739678082
6195 0.0670556278
6196 0.0446895368
6197 -0.0225537063
6198 -0.00751855974
6199 -0.00751855974
6200 0.014828512
6201 0.0967320301
6202 0.274924898
6203 -0.00751855974
6204 0.021952127
6205 0.0296665714
6206 0.0666412692
6207 0.0595338411
6208 -0.00751855974
6209 0.0595338411
6210 -0.00751855974
6211 -3.34483592E-06
6212 0.0223449723
6213 0.00731607173
6214 -0.00751855974
6215 0.0670556278
6216 0.0371858497
6217 0.0223449723
6218 -0.00751855974
6219 0.014828512
6220 0.0296665714
6221 0.0223449723
6222 0.014828512
6223 -0.00751855974
6224 0.0520133185
6225 0.0223449723
6226 0.0223449723
6227 -0.00751855974
6228 0.00731607173
6229 0.0223449723
6230 -3.34483592E-06
6231 0.014828512
6232 0.0223449723
6233 0.0223449723
6234 -3.34483592E-06
6235 -0.00751855974
6236 0.014828512
6237 -0.00751855974
6238 -3.34483592E-06
6239 -0.00751855974
6240 0.0223449723
6241 -0.00751855974
6242 0.0223449723
6243 0.0223449723
6244 -0.00751855974
6245 0.0446895368
6246 -0.0225537063
6247 0.0446895368
6248 -0.00751855974
6249 0.00731607173
6250 0.014828512
6251 -0.00751855974
6252 -0.00751855974
6253 0.0446895368
6254 0.0223449723
6255 -0.0150325127
6256 -0.000200698419
6257 0.014828512
6258 0.014828512
6259 0.0223449723
6260 -0.00751855974
6261 0.00731607173
6262 -0.00751855974
6263 -0.00751855974
6264 -0.0300679682
6265 -0.00751855974
6266 0.00731607173
6267 -0.0152304529
6268 0.00711899568
6269 0.0518181245
6270 0.0668610186
6271 -0.000595454614
6272 0.267386677
6273 0.0446895368
6274 0.0441030757
6275 0.103253493
6276 0.279474299
6277 0.00731607173
6278 -0.000200698419
6279 0.00731607173
6280 -0.0304651976
6281 0.022148556
6282 -0.00751855974
6283 0.00731607173
6284 0.0223449723
6285 -0.00751855974
6286 0.0223449723
6287 0.0223449723
6288 0.0446895368
6289 -0.00751855974
6290 -3.34483592E-06
6291 -0.00751855974
6292 0.0446895368
6293 0.014828512
6294 0.0223449723
6295 0.0668610186
6296 0.126363244
6297 0.103832541
6298 0.312148664
6299 0.0223449723
6300 0.0223449723
6301 0.014828512
6302 0.0294704357
6303 0.0223449723
6304 0.014828512
6305 -0.000200698419
6306 0.00731607173
6307 0.0670556278
6308 0.103639525
6309 -0.0227520158
6310 0.022148556
6311 0.0296665714
6312 -0.000595454614
6313 0.0371858497
6314 0.0223449723
6315 0.022148556
6316 0.014828512
6317 -0.000398068315
6318 0.0296665714
6319 0.14875326
6320 -0.00751855974
6321 0.0223449723
6322 -3.34483592E-06
6323 0.014828512
6324 -0.00751855974
6325 0.0296665714
6326 0.0446895368
6327 0.0446895368
6328 0.0814901596
6329 0.282278923
6330 0.022148556
6331 -0.00751855974
6332 -0.00751855974
6333 0.0146318031
6334 0.0520133185
6335 0.0446895368
6336 0.0446895368
6337 -0.0225537063
6338 -3.34483592E-06
6339 0.178812956
6340 0.208492746
6341 0.0816841221
6342 0.208304049
6343 0.140841685
6344 -0.00751855974
6345 -3.34483592E-06
6346 -0.0751553956
6347 0.0812961933
6348 -0.0154284117
6349 0.0518181245
6350 0.0369900072
6351 0.111742843
6352 0.0520133185
6353 -0.00751855974
6354 -0.0225537063
6355 0.0146318031
6356 0.0446895368
6357 -0.0150325127
6358 0.0668610186
6359 0.0892074438
6360 0.156224231
6361 0.00691929473
6362 0.0804899293
6363 0.0812961933
6364 0.0369900072
6365 0.0670556278
6366 0.0743563152
6367 0.0371858497
6368 -0.0225537063
6369 0.171282115
6370 0.0670556278
6371 0.104218571
6372 -0.0150325127
6373 0.0223449723
6374 -0.00751855974
6375 0.104218571
6376 0.022148556
6377 0.0296665714
6378 0.111357397
6379 0.014828512
6380 -0.0300679682
6381 0.0670556278
6382 -0.00751855974
6383 0.0223449723
6384 0.140405802
6385 0.274739143
6386 -0.000200698419
6387 0.0670556278
6388 0.133889048
6389 0.36488691
6390 0.11155012
6391 0.104218571
6392 0.193048192
6393 -0.00751855974
6394 -0.00751855974
6395 0.00711899568
6396 -0.0150325127
6397 -3.34483592E-06
6398 0.305159961
6399 0.014828512
6400 0.428622551
6401 0.0223449723
6402 -0.00751855974
6403 0.0223449723
6404 0.0296665714
6405 -0.00751855974
6406 -0.00751855974
6407 0.021952127
6408 -0.000595454614
6409 0.925276397
6410 -0.00751855974
6411 0.0294704357
6412 0.0292742884
6413 0.022148556
6414 -0.00751855974
6415 0.0668610186
6416 -0.00751855974
6417 -0.0302665724
6418 0.022148556
6419 0.0290781292
6420 -0.00751855974
6421 0.014828512
6422 -0.0375809688
6423 -0.0231399664
6424 0.133313737
6425 0.022148556
6426 -0.0302665724
6427 0.0213627618
6428 0.111357397
6429 0.022148556
6430 -0.00751855974
6431 0.0130526964
6432 0.0888201023
6433 0.110971954
6434 -3.34483592E-06
6435 0.0223449723
6436 0.0223449723
6437 0.014828512
6438 0.014828512
6439 0.0595338411
6440 -0.00751855974
6441 0.0444940592
6442 -0.0225537063
6443 0.00731607173
6444 0.014828512
6445 -0.0150325127
6446 0.00731607173
6447 0.0520133185
6448 0.00711899568
6449 0.0516229223
6450 0.0743563152
6451 -0.00751855974
6452 -0.00751855974
6453 -0.00751855974
6454 -0.000398068315
6455 0.0294704357
6456 0.274739143
6457 0.133505503
6458 0.0296665714
6459 -0.0229416925
6460 0.0446895368
6461 0.0442985721
6462 0.0446895368
6463 0.0444940592
6464 0.014828512
6465 0.0146318031
6466 0.0371858497
6467 -0.00751855974
6468 -0.0150325127
6469 0.014828512
6470 0.0223449723
6471 0.0446895368
6472 0.0446895368
6473 0.0223449723
6474 -0.0152304529
6475 0.0223449723
6476 0.0446895368
6477 0.0812961933
6478 -0.000398068315
6479 -0.0225537063
6480 -0.0375809688
6481 0.00711899568
6482 0.0733850106
6483 0.334656859
6484 0.103253493
6485 0.0890137743
6486 0.0518181245
6487 0.109774224
6488 0.0595338411
6489 0.408974592
6490 0.0741620641
6491 0.00731607173
6492 -0.00751855974
6493 0.0296665714
6494 0.141416117
6495 -0.00830925171
6496 -0.000989903444
6497 -0.173064812
6498 0.0136480465
6499 0.141416117
6500 0.0371858497
6501 0.0894011109
6502 0.0223449723
6503 0.0446895368
6504 -3.34483592E-06
6505 0.0223449723
6506 0.0223449723
6507 0.0223449723
6508 0.0223449723
6509 -0.0077162064
6510 0.0816841221
6511 0.0371858497
6512 -0.00751855974
6513 -0.00751855974
6514 0.185895634
6515 0.110544821
6516 0.0446895368
6517 0.363476276
6518 0.162990457
6519 0.103832541
6520 0.021952127
6521 -0.0150325127
6522 0.161786559
6523 0.252969414
6524 0.230638602
6525 0.0444940592
6526 0.0365844908
6527 -0.00751855974
6528 -0.000398068315
6529 -0.0300679682
6530 -0.00751855974
6531 -0.0150325127
6532 -0.0152304529
6533 0.0587320415
6534 -0.0375809688
6535 -0.00751855974
6536 0.0223449723
6537 0.0223449723
6538 -0.0302665724
6539 0.014828512
6540 -0.00751855974
6541 -0.0308508759
6542 -3.34483592E-06
6543 -0.00751855974
6544 -0.030663844
6545 0.0292742884
6546 -0.0532017349
6547 -0.00751855974
6548 0.148944452
6549 -0.0150325127
6550 0.0146318031
6551 -0.0162204356
6552 0.0446895368
6553 0.16337148
6554 0.0668610186
6555 -0.000200698419
6556 -0.00751855974
6557 0.133697273
6558 0.0516229223
6559 0.0441030757
6560 0.036388689
6561 -0.000398068315
6562 0.0296665714
6563 0.170076655
6564 0.014828512
6565 -0.00751855974
6566 0.0223449723
6567 0.00731607173
6568 0.014828512
6569 0.0223449723
6570 0.0818780809
6571 -0.000200698419
6572 0.0593389398
6573 0.0892074438
6574 0.0369900072
6575 0.0520133185
6576 -0.00751855974
6577 0.0446895368
6578 0.0223449723
6579 0.0446895368
6580 0.133889048
6581 -0.00751855974
6582 0.0668610186
6583 0.0223449723
6584 0.0595338411
6585 0.014828512
6586 0.0223449723
6587 0.00731607173
6588 0.0223449723
6589 0.014828512
6590 0.0223449723
6591 0.0146318031
6592 0.141033157
6593 -0.0150325127
6594 -0.0077162064
6595 0.0369900072
6596 0.118883517
6597 -0.00751855974
6598 0.0223449723
6599 0.126171177
6600 0.222727421
6601 0.192858939
6602 0.0442985721
6603 0.00731607173
6604 0.126363244
6605 0.215757863
6606 0.0223449723
6607 0.296880612
6608 0.185895634
6609 0.0888201023
6610 0.0894011109
6611 0.0520133185
6612 0.0595338411
6613 0.444973325
6614 0.00731607173
6615 0.021755685
6616 0.185895634
6617 0.022148556
6618 0.0223449723
6619 -0.0225537063
6620 0.0146318031
6621 -0.00751855974
6622 0.0814901596
6623 0.326930111
6624 0.55793856
6625 0.126603042
6626 0.0446895368
6627 0.103832541
6628 0.171091871
6629 0.0520133185
6630 -0.0150325127
6631 0.185895634
6632 0.0223449723
6633 -0.00751855974
6634 0.0894011109
6635 0.0446895368
6636 0.342384329
6637 0.163562006
6638 0.162799958
6639 0.0371858497
6640 0.0223449723
6641 -3.34483592E-06
6642 -0.00751855974
6643 -3.34483592E-06
6644 -0.0150325127
6645 0.275296486
6646 0.0595338411
6647 0.230638602
6648 0.0814901596
6649 0.0296665714
6650 0.0144350802
6651 0.0814901596
6652 -0.000200698419
6653 0.014828512
6654 -0.00751855974
6655 0.0223449723
6656 0.148944452
6657 0.0223449723
6658 -3.34483592E-06
6659 0.0446895368
6660 -0.00751855974
6661 0.0296665714
6662 0.0818780809
6663 0.0223449723
6664 0.014828512
6665 0.0818780809
6666 0.014828512
6667 -0.00751855974
6668 0.0446895368
6669 0.0894011109
6670 0.0223449723
6671 0.0670556278
6672 0.0296665714
6673 0.0668610186
6674 -0.0375809688
6675 0.0595338411
6676 0.022148556
6677 0.00731607173
6678 0.0294704357
6679 0.408254925
6680 0.140405802
6681 0.126171177
6682 0.0967320301
6683 0.0888201023
6684 0.475368563
6685 0.119075948
6686 0.0666412692
6687 0.0371858497
6688 -0.0227520158
6689 -0.0302665724
6690 0.162609468
6691 0.0446895368
6692 0.259663381
6693 0.0520133185
6694 0.0518181245
6695 0.021952127
6696 -0.00751855974
6697 0.014828512
6698 0.014828512
6699 0.0223449723
6700 0.148944452
6701 0.409489078
6702 0.126603042
6703 0.0892074438
6704 0.169886538
6705 0.140405802
6706 0.162990457
6707 0.156033405
6708 0.200127762
6709 0.014828512
6710 0.118883517
6711 0.0666412692
6712 -0.0225537063
6713 0.148314959
6714 0.0666412692
6715 -0.0225537063
6716 0.0743563152
6717 -0.0150325127
6718 -0.0150325127
6719 0.0743563152
6720 0.178433062
6721 0.342201349
6722 0.014828512
6723 0.0892074438
6724 0.223291471
6725 0.0894011109
6726 0.0223449723
6727 0.312517102
6728 0.022148556
6729 -3.34483592E-06
6730 0.0593389398
6731 0.0446895368
6732 0.0294704357
6733 0.0223449723
6734 0.0223449723
6735 -0.0152304529
6736 0.00691929473
6737 -3.34483592E-06
6738 0.0743563152
6739 0.0967320301
6740 0.0670556278
6741 0.0894011109
6742 0.176657417
6743 0.214816404
6744 0.148314959
6745 0.0743563152
6746 0.103639525
6747 -0.00751855974
6748 0.513501456
6749 0.014828512
6750 0.014828512
6751 0.0369900072
6752 -0.00138464338
6753 0.357341766
6754 0.0444940592
6755 -0.0229416925
6756 0.0446895368
6757 -0.00751855974
6758 0.133889048
6759 0.36488691
6760 0.266642634
6761 -0.00751855974
6762 -0.0225537063
6763 0.0894011109
6764 0.0816841221
6765 0.289155548
6766 0.104218571
6767 0.0371858497
6768 0.244871902
6769 0.00731607173
6770 0.0292742884
6771 0.372069831
6772 0.0146318031
6773 0.0223449723
6774 0.0371858497
6775 0.0223449723
6776 0.036780282
6777 0.0371858497
6778 -0.0304651976
6779 0.014828512
6780 0.0223449723
6781 0.0223449723
6782 0.00731607173
6783 0.036780282
6784 0.0213627618
6785 0.0593389398
6786 0.0371858497
6787 -0.00751855974
6788 0.014828512
6789 0.0223449723
6790 -0.0227520158
6791 0.104025556
6792 -3.34483592E-06
6793 0.0743563152
6794 0.0967320301
6795 -0.0150325127
6796 0.490828875
6797 0.0223449723
6798 0.0223449723
6799 0.155842587
6800 0.571985708
6801 0.326196346
6802 -0.0828644236
6803 0.0890137743
6804 0.0146318031
6805 -0.0225537063
6806 0.0369900072
6807 -0.0452919037
6808 0.0737735473
6809 0.333615211
6810 0.563732188
6811 0.622957994
6812 0.414035767
6813 0.0811022233
6814 0.653166535
6815 -0.0229416925
6816 -0.0225537063
6817 0.014828512
6818 0.0442985721
6819 0.0516229223
6820 0.475722492
6821 0.170076655
6822 0.140841685
6823 0.0809082493
6824 0.00652521436
6825 0.118883517
6826 0.177796237
6827 0.0142383432
6828 0.021952127
6829 0.148314959
6830 0.0510372649
6831 0.11155012
6832 0.111164675
6833 -0.0300679682
6834 0.0223449723
6835 -0.00751855974
6836 0.0662521636
6837 0.0223449723
6838 0.0369900072
6839 0.0816841221
6840 0.311662808
6841 0.0294704357
6842 0.0446895368
6843 0.0743563152
6844 0.325157235
6845 0.119075948
6846 0.111164675
6847 0.133505503
6848 0.363476276
6849 0.141416117
6850 0.0223449723
6851 -0.0150325127
6852 0.0296665714
6853 0.0446895368
6854 0.946278783
6855 0.0223449723
6856 -0.107602961
6857 -0.00395063776
6858 -0.0162204356
6859 0.0668610186
6860 -0.00811155229
6861 -0.00751855974
6862 0.20077012
6863 -0.0152304529
6864 0.682701208
6865 0.378749885
6866 0.0371858497
6867 0.0371858497
6868 0.0223449723
6869 -0.0152304529
6870 -0.0383766996
6871 0.0294704357
6872 0.103832541
6873 0.00711899568
6874 0.00731607173
6875 -0.00751855974
6876 0.0446895368
6877 -0.0225537063
6878 -0.0454911218
6879 0.0369900072
6880 0.103832541
6881 0.0668610186
6882 0.178433062
6883 0.103060476
6884 0.393337341
6885 0.0296665714
6886 0.104218571
6887 0.0444940592
6888 0.014828512
6889 0.238362489
6890 0.55793856
6891 0.311662808
6892 0.193616032
6893 0.0890137743
6894 0.0446895368
6895 -0.00751855974
6896 0.751505061
6897 0.222915419
6898 0.00652521436
6899 -0.0150325127
6900 -0.0225537063
6901 0.27548232
6902 -0.0150325127
6903 -3.34483592E-06
6904 0.357341766
6905 0.104025556
6906 0.171091871
6907 -0.616485062
6908 0.00731607173
6909 0.0296665714
6910 0.0595338411
6911 0.021952127
6912 0.0146318031
6913 0.0146318031
6914 0.147741666
6915 -0.031645457
6916 0.0146318031
6917 0.0814901596
6918 0.00731607173
6919 -0.00751855974
6920 0.0446895368
6921 0.036780282
6922 0.0223449723
6923 -0.00751855974
6924 -0.00811155229
6925 0.0446895368
6926 0.00731607173
6927 0.111742843
6928 -0.00751855974
6929 0.0296665714
6930 0.0670556278
6931 0.00731607173
6932 0.0888201023
6933 0.163562006
6934 0.00731607173
6935 0.0520133185
6936 -0.0150325127
6937 0.0446895368
6938 0.118883517
6939 -0.0150325127
6940 0.0296665714
6941 0.0963089481
6942 0.0668610186
6943 0.0593389398
6944 0.16337148
6945 0.0146318031
6946 -0.0225537063
6947 0.104218571
6948 0.0593389398
6949 0.014828512
6950 0.00711899568
6951 0.0516229223
6952 0.118453986
6953 0.0132544431
6954 0.0668610186
6955 -0.0102833577
6956 -0.00751855974
6957 -0.00751855974
6958 -0.0528026798
6959 0.0223449723
6960 -0.00751855974
6961 0.0223449723
6962 0.0739678082
6963 0.0369900072
6964 0.00731607173
6965 -0.0300679682
6966 0.0446895368
6967 0.00731607173
6968 -0.00751855974
6969 -0.000200698419
6970 -0.00751855974
6971 0.014828512
6972 0.014828512
6973 -0.0945297253
6974 0.11155012
6975 -0.0152304529
6976 0.0223449723
6977 0.0296665714
6978 -0.00751855974
6979 -0.0300679682
6980 -0.120838564
6981 -0.00751855974
6982 0.0223449723
6983 0.110971954
6984 0.68934947
6985 0.754466918
6986 0.0967320301
6987 -0.0150325127
6988 0.104218571
6989 0.00731607173
6990 0.0670556278
6991 0.0743563152
6992 0.0223449723
6993 0.0444940592
6994 0.0223449723
6995 0.0894011109
6996 -0.000200698419
6997 -0.000398068315
6998 -0.0769315252
6999 0.0446895368
7000 0.014828512
7001 0.0223449723
7002 0.0146318031
7003 0.014828512
7004 0.0737735473
7005 -0.00751855974
7006 0.022148556
7007 -3.34483592E-06
7008 0.0670556278
7009 -0.00751855974
7010 0.0444940592
7011 0.185895634
7012 0.0741620641
7013 0.00711899568
7014 0.0369900072
7015 0.0965022565
7016 0.0818780809
7017 0.022148556
7018 0.00731607173
7019 0.0223449723
7020 0.0371858497
7021 -0.000200698419
7022 0.11155012
7023 0.0223449723
7024 0.0223449723
7025 0.0814901596
7026 0.0520133185
7027 0.0223449723
7028 0.0446895368
7029 0.0223449723
7030 -0.0375809688
7031 0.312517102
7032 0.0520133185
7033 -0.0150325127
7034 0.0146318031
7035 0.0595338411
7036 0.378568717
7037 0.452881597
7038 0.0444940592
7039 0.0595338411
7040 -0.0152304529
7041 -0.0225537063
7042 -0.00909679676
7043 0.0446895368
7044 0.0371858497
7045 0.0223449723
7046 0.0816841221
7047 0.0518181245
7048 0.088593014
7049 0.119075948
7050 0.0223449723
7051 0.00731607173
7052 0.0223449723
7053 0.0296665714
7054 -0.0150325127
7055 0.0144350802
7056 0.014828512
7057 0.208304049
7058 0.0441030757
7059 0.293338464
7060 -0.00751855974
7061 0.230638602
7062 0.133313737
7063 0.163562006
7064 -0.0225537063
7065 0.118069277
7066 -0.00751855974
7067 -0.00751855974
7068 0.014828512
7069 0.5198148
7070 0.141224634
7071 0.0144350802
7072 0.0442985721
7073 0.0444940592
7074 -0.0450927089
7075 0.022148556
7076 0.0223449723
7077 0.0963089481
7078 0.014828512
7079 0.372289423
7080 0.0439075696
7081 0.014828512
7082 0.0371858497
7083 0.0670556278
7084 -0.00751855974
7085 0.0223449723
7086 -3.34483592E-06
7087 0.0142383432
7088 -3.34483592E-06
7089 0.0292742884
7090 0.21360662
7091 0.0223449723
7092 -0.00751855974
7093 0.0371858497
7094 0.0743563152
7095 0.0296665714
7096 0.0369900072
7097 0.0223449723
7098 -0.00751855974
7099 0.0296665714
7100 0.0369900072
7101 -0.000200698419
7102 0.0223449723
7103 0.0446895368
7104 -3.34483592E-06
7105 0.021755685
7106 -0.0152304529
7107 0.467812365
7108 0.00731607173
7109 -0.0150325127
7110 0.0296665714
7111 0.022148556
7112 -0.00751855974
7113 0.0223449723
7114 0.728555291
7115 0.0814901596
7116 0.0894011109
7117 -3.34483592E-06
7118 0.0739678082
7119 0.0223449723
7120 0.00731607173
7121 -0.00751855974
7122 -3.34483592E-06
7123 0.00731607173
7124 0.00652521436
7125 0.0890137743
7126 0.00672226224
7127 0.0446895368
7128 0.014828512
7129 0.0890137743
7130 0.021952127
7131 0.118883517
7132 0.103446509
7133 0.0296665714
7134 -0.00751855974
7135 0.163562006
7136 -0.00751855974
7137 -0.00751855974
7138 -0.00751855974
7139 0.00731607173
7140 -3.34483592E-06
7141 0.00731607173
7142 0.0223449723
7143 -0.0154284117
7144 0.117876925
7145 0.141416117
7146 0.0138448264
7147 0.0514277117
7148 -0.000200698419
7149 0.125594995
7150 0.208304049
7151 -0.0160224012
7152 -3.34483592E-06
7153 -0.0375809688
7154 0.191840508
7155 0.125594995
7156 -0.00751855974
7157 0.014828512
7158 0.0223449723
7159 0.0223449723
7160 0.022148556
7161 0.014828512
7162 0.118883517
7163 -0.0077162064
7164 0.0516229223
7165 0.036780282
7166 0.00731607173
7167 0.0446895368
7168 0.022148556
7169 0.133121975
7170 0.0444940592
7171 0.00731607173
7172 0.0662521636
7173 0.0670556278
7174 0.0670556278
7175 0.00731607173
7176 0.00731607173
7177 0.0223449723
7178 0.0743563152
7179 0.0520133185
7180 0.0223449723
7181 0.00731607173
7182 0.244684909
7183 0.467989595
7184 0.0743563152
7185 0.0446895368
7186 0.0223449723
7187 0.111742843
7188 0.014828512
7189 0.014828512
7190 -0.0300679682
7191 0.133121975
7192 0.162799958
7193 0.111164675
7194 -0.0150325127
7195 0.490459859
7196 0.0520133185
7197 0.0223449723
7198 0.00731607173
7199 0.0223449723
7200 0.0446895368
7201 0.0446895368
7202 0.0223449723
7203 0.0223449723
7204 -3.34483592E-06
7205 0.0223449723
7206 0.0223449723
7207 -0.00751855974
7208 0.0518181245
7209 -0.0150325127
7210 -0.00751855974
7211 0.0514277117
7212 0.014828512
7213 0.0444940592
7214 0.0518181245
7215 0.0595338411
7216 -0.0150325127
7217 0.764898586
7218 0.0146318031
7219 0.0894011109
7220 -0.000200698419
7221 -0.0225537063
7222 0.014828512
7223 0.0446895368
7224 -0.000398068315
7225 0.0818780809
7226 0.0595338411
7227 0.0223449723
7228 -0.00751855974
7229 0.0371858497
7230 0.0294704357
7231 -0.0225537063
7232 -0.00751855974
7233 -0.0150325127
7234 0.126363244
7235 0.0369900072
7236 0.0223449723
7237 -0.0375809688
7238 -0.0150325127
7239 0.0894011109
7240 0.0371858497
7241 -0.00751855974
7242 0.0743563152
7243 -3.34483592E-06
7244 -0.0225537063
7245 0.259103437
7246 -0.0225537063
7247 0.0595338411
7248 0.0223449723
7249 0.0142383432
7250 0.111164675
7251 0.00731607173
7252 -0.00791387055
7253 -3.34483592E-06
7254 0.162167346
7255 0.0668610186
7256 0.0371858497
7257 -0.00751855974
7258 0.0818780809
7259 -0.0225537063
7260 0.0223449723
7261 0.0223449723
7262 0.0446895368
7263 0.0223449723
7264 0.0446895368
7265 0.0743563152
7266 0.014828512
7267 0.0595338411
7268 0.0371858497
7269 0.0967320301
7270 0.198353678
7271 0.0223449723
7272 -0.0077162064
7273 -0.0227520158
7274 0.0446895368
7275 -0.00751855974
7276 0.252595903
7277 0.00731607173
7278 0.0446895368
7279 0.0446895368
7280 0.0223449723
7281 0.0371858497
7282 0.0138448264
7283 0.103253493
7284 0.0589491157
7285 0.103832541
7286 0.555651308
7287 0.244497937
7288 0.16337148
7289 0.111742843
7290 0.0444940592
7291 0.0146318031
7292 0.0223449723
7293 0.0223449723
7294 -0.000200698419
7295 0.0814901596
7296 0.0894011109
7297 0.021755685
7298 0.245245953
7299 0.0666412692
7300 0.177986079
7301 0.0510372649
7302 0.177986079
7303 0.0446895368
7304 -0.0150325127
7305 0.0520133185
7306 0.00731607173
7307 0.0446895368
7308 0.014828512
7309 -0.00751855974
7310 -3.34483592E-06
7311 0.0446895368
7312 -0.00751855974
7313 -3.34483592E-06
7314 0.163562006
7315 0.0520133185
7316 0.124395786
7317 0.147932757
7318 0.104025556
7319 0.252409182
7320 0.0894011109
7321 0.0818780809
7322 0.0743563152
7323 -0.0152304529
7324 0.147932757
7325 0.104025556
7326 -0.0150325127
7327 -0.00791387055
7328 0.104025556
7329 -0.0225537063
7330 0.0444940592
7331 0.0446895368
7332 -0.00751855974
7333 -0.00751855974
7334 -0.0150325127
7335 -0.0150325127
7336 -3.34483592E-06
7337 0.0444940592
7338 0.0296665714
7339 0.0223449723
7340 -0.0304651976
7341 -0.0077162064
7342 -0.0152304529
7343 -0.0150325127
7344 0.215757863
7345 -0.00751855974
7346 0.171282115
7347 0.014828512
7348 0.141033157
7349 0.141416117
7350 0.0444940592
7351 0.297434974
7352 0.0894011109
7353 0.237897876
7354 -0.00751855974
7355 0.022148556
7356 -0.00751855974
7357 0.0223449723
7358 0.0223449723
7359 0.0446895368
7360 0.0446895368
7361 0.0223449723
7362 0.014828512
7363 0.156224231
7364 0.133889048
7365 0.014828512
7366 0.014828512
7367 0.0296665714
7368 0.0223449723
7369 0.371706504
7370 0.39438882
7371 0.282835391
7372 0.215757863
7373 0.0670556278
7374 0.0446895368
7375 -0.00751855974
7376 0.672451966
7377 -0.0225537063
7378 0.356612625
7379 0.0963089481
7380 0.0446895368
7381 0.0666412692
7382 0.0371858497
7383 0.111357397
7384 0.0446895368
7385 -0.0225537063
7386 0.0223449723
7387 0.0223449723
7388 0.178433062
7389 -0.000200698419
7390 0.118883517
7391 0.0444940592
7392 0.0818780809
7393 -0.00751855974
7394 0.0446895368
7395 0.0223449723
7396 0.00731607173
7397 0.0223449723
7398 0.0668610186
7399 0.0816841221
7400 0.0223449723
7401 0.0520133185
7402 0.0670556278
7403 0.119075948
7404 0.0223449723
7405 0.0520133185
7406 0.0296665714
7407 0.0296665714
7408 0.11155012
7409 0.579377398
7410 0.0444940592
7411 0.0670556278
7412 0.0446895368
7413 0.0670556278
7414 -0.00751855974
7415 0.0223449723
7416 0.00731607173
7417 0.0446895368
7418 0.0223449723
7419 0.0595338411
7420 0.0223449723
7421 0.156033405
7422 0.215381228
7423 0.126603042
7424 0.0371858497
7425 0.863693053
7426 0.0668610186
7427 0.0894011109
7428 0.126363244
7429 0.230638602
7430 0.0371858497
7431 0.282835391
7432 0.625406681
7433 0.0296665714
7434 0.0818780809
7435 -0.00751855974
7436 0.0816841221
7437 0.021952127
7438 0.0369900072
7439 0.0296665714
7440 0.0446895368
7441 0.0446895368
7442 0.0146318031
7443 0.014828512
7444 -0.00751855974
7445 0.0223449723
7446 0.268046022
7447 0.0371858497
7448 0.014828512
7449 0.104025556
7450 0.428979216
7451 0.342018406
7452 0.0595338411
7453 0.0739678082
7454 0.141416117
7455 0.185326956
7456 0.548262107
7457 0.0892074438
7458 0.119075948
7459 0.0223449723
7460 0.00731607173
7461 0.0371858497
7462 0.00731607173
7463 0.022148556
7464 0.208492746
7465 0.0223449723
7466 -0.00751855974
7467 -0.00751855974
7468 0.118883517
7469 -0.00751855974
7470 0.014828512
7471 0.0670556278
7472 0.0818780809
7473 0.0223449723
7474 0.134080827
7475 0.0223449723
7476 0.148562075
7477 0.0446895368
7478 0.0816841221
7479 -3.34483592E-06
7480 0.0894011109
7481 0.0446895368
7482 0.0446895368
7483 0.111742843
7484 0.0223449723
7485 0.118883517
7486 0.163562006
7487 0.0967320301
7488 0.022148556
7489 -0.0150325127
7490 0.0223449723
7491 0.0223449723
7492 0.245245953
7493 0.0595338411
7494 0.0593389398
7495 0.0595338411
7496 -0.0150325127
7497 0.0595338411
7498 0.014828512
7499 -0.0150325127
7500 -0.00751855974
7501 0.0371858497
7502 0.014828512
7503 -3.34483592E-06
7504 0.319571684
7505 0.133889048
7506 -3.34483592E-06
7507 -0.00751855974
7508 0.00731607173
7509 -0.0225537063
7510 0.0371858497
7511 0.00731607173
7512 0.0446895368
7513 -0.00751855974
7514 -0.000595454614
7515 0.0595338411
7516 0.00731607173
7517 0.170901638
7518 0.0223449723
7519 0.16337148
7520 0.0520133185
7521 0.0223449723
7522 0.0296665714
7523 0.0518181245
7524 -0.00751855974
7525 -0.00751855974
7526 0.00731607173
7527 0.178175931
7528 0.0446895368
7529 -0.00751855974
7530 0.00731607173
7531 -0.00751855974
7532 0.014828512
7533 0.185895634
7534 0.0743563152
7535 0.133889048
7536 0.0446895368
7537 0.132305063
7538 -0.00751855974
7539 0.0296665714
7540 0.0223449723
7541 0.014828512
7542 0.0371858497
7543 0.0371858497
7544 0.0223449723
7545 1.52222692
7546 0.0518181245
7547 -0.0225537063
7548 -3.34483592E-06
7549 0.014828512
7550 0.0223449723
7551 0.119075948
7552 0.148944452
7553 0.0743563152
7554 0.22942599
7555 0.0140415919
7556 0.0518181245
7557 0.126603042
7558 -0.00751855974
7559 0.00731607173
7560 0.0223449723
7561 0.0223449723
7562 -0.00751855974
7563 0.0446895368
7564 -0.0077162064
7565 -3.34483592E-06
7566 0.133889048
7567 0.305159961
7568 -0.0225537063
7569 0.0223449723
7570 0.0446895368
7571 0.0446895368
7572 0.126171177
7573 0.0741620641
7574 0.0444940592
7575 0.0516229223
7576 -0.0225537063
7577 -0.000200698419
7578 0.126363244
7579 0.126603042
7580 0.297619821
7581 0.349747109
7582 0.10263573
7583 -0.00751855974
7584 -0.00751855974
7585 0.186085218
7586 -0.00751855974
7587 -0.0077162064
7588 0.0296665714
7589 0.125210888
7590 -0.0150325127
7591 0.0737735473
7592 0.0812961933
7593 -0.0375809688
7594 0.0223449723
7595 0.0668610186
7596 0.0591440314
7597 0.393666229
7598 0.26757275
7599 0.0894011109
7600 0.104218571
7601 -0.0225537063
7602 -0.00751855974
7603 0.0743563152
7604 0.0223449723
7605 -0.00751855974
7606 -0.00751855974
7607 0.0444940592
7608 0.0670556278
7609 0.0223449723
7610 0.0223449723
7611 -0.0225537063
7612 0.0223449723
7613 -0.0150325127
7614 0.178812956
7615 0.104218571
7616 0.134080827
7617 0.0670556278
7618 0.0223449723
7619 -0.00751855974
7620 -0.00751855974
7621 0.0223449723
7622 0.0892074438
7623 0.0223449723
7624 -0.0904058171
7625 0.0223449723
7626 0.148562075
7627 0.141416117
7628 -0.00751855974
7629 0.215757863
7630 0.0743563152
7631 0.260507083
7632 0.0146318031
7633 0.0296665714
7634 0.0816841221
7635 0.437765282
7636 0.0741620641
7637 0.104218571
7638 0.0670556278
7639 -0.0225537063
7640 0.111357397
7641 -0.00751855974
7642 -0.00751855974
7643 -0.000200698419
7644 -3.34483592E-06
7645 0.0890137743
7646 0.326930111
7647 0.126363244
7648 0.0371858497
7649 0.00731607173
7650 0.178623003
7651 0.0446895368
7652 -0.000200698419
7653 0.0666412692
7654 0.022148556
7655 -0.00751855974
7656 0.0668610186
7657 0.022148556
7658 0.104218571
7659 -0.00751855974
7660 0.0223449723
7661 0.0446895368
7662 -0.000200698419
7663 0.0223449723
7664 0.0670556278
7665 0.0670556278
7666 0.0223449723
7667 0.104218571
7668 0.156033405
7669 0.0371858497
7670 0.0223449723
7671 0.133889048
7672 0.104025556
7673 0.0446895368
7674 -0.00751855974
7675 0.0743563152
7676 -0.00751855974
7677 0.0146318031
7678 0.00731607173
7679 -0.0150325127
7680 -0.0300679682
7681 0.0223449723
7682 0.0223449723
7683 0.0223449723
7684 0.0223449723
7685 0.0967320301
7686 0.0371858497
7687 0.0446895368
7688 0.0296665714
7689 0.0223449723
7690 0.0446895368
7691 -0.0150325127
7692 -0.0450927089
7693 0.00731607173
7694 0.0223449723
7695 -0.00751855974
7696 0.0668610186
7697 0.0520133185
7698 0.0670556278
7699 0.0369900072
7700 0.0223449723
7701 0.0223449723
7702 0.0223449723
7703 0.014828512
7704 0.0371858497
7705 0.0223449723
7706 0.022148556
7707 0.0595338411
7708 0.0223449723
7709 0.0223449723
7710 0.119075948
7711 0.0818780809
7712 0.014828512
7713 0.0894011109
7714 0.0223449723
7715 0.0223449723
7716 0.0223449723
7717 0.0670556278
7718 0.0296665714
7719 0.00731607173
7720 0.0446895368
7721 0.014828512
7722 0.0296665714
7723 0.00731607173
7724 -0.0077162064
7725 0.022148556
7726 0.0743563152
7727 0.0294704357
7728 0.0595338411
7729 0.0146318031
7730 0.022148556
7731 0.0890137743
7732 0.014828512
7733 0.0270954153
7734 0.0223449723
7735 0.0223449723
7736 0.0446895368
7737 0.0223449723
7738 0.0670556278
7739 0.014828512
7740 0.022148556
7741 -0.00751855974
7742 0.119075948
7743 0.0223449723
7744 0.0371858497
7745 -0.000200698419
7746 0.0593389398
7747 0.0146318031
7748 0.0223449723
7749 0.014828512
7750 -3.34483592E-06
7751 0.0595338411
7752 0.11155012
7753 0.0223449723
7754 -0.00751855974
7755 0.0296665714
7756 0.0223449723
7757 0.0223449723
7758 0.0446895368
7759 0.0223449723
7760 -0.00751855974
7761 0.0446895368
7762 0.0223449723
7763 -3.34483592E-06
7764 0.0818780809
7765 -0.00751855974
7766 0.267200629
7767 0.0369900072
7768 0.0446895368
7769 -0.00751855974
7770 0.0446895368
7771 0.0223449723
7772 0.036780282
7773 0.0743563152
7774 -0.0150325127
7775 0.014828512
7776 0.0446895368
7777 -0.0300679682
7778 0.0371858497
7779 0.118883517
7780 -0.00751855974
7781 -0.00751855974
7782 0.0223449723
7783 0.0595338411
7784 0.0894011109
7785 0.0371858497
7786 0.0296665714
7787 0.0446895368
7788 -0.00751855974
7789 0.0444940592
7790 -0.00791387055
7791 0.0670556278
7792 0.0666412692
7793 0.014828512
7794 0.0670556278
7795 0.0223449723
7796 -0.00751855974
7797 -3.34483592E-06
7798 -0.00751855974
7799 0.0371858497
7800 0.0223449723
7801 0.0296665714
7802 0.0296665714
7803 0.0446895368
7804 0.0446895368
7805 0.00731607173
7806 0.0223449723
7807 0.0223449723
7808 0.0223449723
7809 0.0223449723
7810 0.0223449723
7811 0.022148556
7812 -0.0150325127
7813 -0.000200698419
7814 -0.0304651976
7815 0.00711899568
7816 0.0294704357
7817 -0.00751855974
7818 -0.0150325127
7819 0.0371858497
7820 -0.00830925171
7821 0.00731607173
7822 -0.0152304529
7823 -3.34483592E-06
7824 0.022148556
7825 0.0223449723
7826 0.0223449723
7827 0.00711899568
7828 0.0223449723
7829 0.0223449723
7830 0.126603042
7831 0.014828512
7832 0.0223449723
7833 0.0444940592
7834 -0.0225537063
7835 0.0595338411
7836 -0.0150325127
7837 0.00731607173
7838 0.0371858497
7839 0.0670556278
7840 0.111164675
7841 0.0371858497
7842 0.0223449723
7843 -0.0077162064
7844 -0.00751855974
7845 0.022148556
7846 0.0146318031
7847 0.0371858497
7848 0.014828512
7849 0.014828512
7850 0.036780282
7851 -0.000595454614
7852 0.0967320301
7853 0.0223449723
7854 0.0670556278
7855 0.0520133185
7856 0.0223449723
7857 0.0223449723
7858 0.0223449723
7859 0.0223449723
7860 0.0223449723
7861 0.014828512
7862 0.0223449723
7863 0.014828512
7864 0.0223449723
7865 -0.00751855974
7866 0.0223449723
7867 -0.00751855974
7868 0.014828512
7869 0.0223449723
7870 -3.34483592E-06
7871 -0.0150325127
7872 0.0223449723
7873 0.0223449723
7874 0.170521203
7875 -3.34483592E-06
7876 0.014828512
7877 0.0818780809
7878 0.0743563152
7879 0.0371858497
7880 0.00731607173
7881 0.119075948
7882 0.0818780809
7883 -0.000200698419
7884 0.0223449723
7885 0.0223449723
7886 -3.34483592E-06
7887 0.0223449723
7888 -0.00751855974
7889 0.014828512
7890 -0.00751855974
7891 0.0223449723
7892 0.0223449723
7893 0.0223449723
7894 -3.34483592E-06
7895 0.0223449723
7896 -0.00751855974
7897 0.0446895368
7898 0.0223449723
7899 -0.0150325127
7900 -0.00751855974
7901 0.185516503
7902 0.014828512
7903 0.00731607173
7904 0.0894011109
7905 0.0446895368
7906 0.0595338411
7907 -0.00751855974
7908 -0.00751855974
7909 0.0670556278
7910 0.0371858497
7911 0.0223449723
7912 -3.34483592E-06
7913 0.0296665714
7914 -3.34483592E-06
7915 -0.00751855974
7916 -0.00751855974
7917 -0.0150325127
7918 -0.00751855974
7919 0.0296665714
7920 0.00731607173
7921 0.0894011109
7922 0.0444940592
7923 0.0296665714
7924 0.0595338411
7925 0.0595338411
7926 0.014828512
7927 -0.00751855974
7928 0.0961156382
7929 0.0371858497
7930 0.014828512
7931 0.0371858497
7932 0.0223449723
7933 0.0223449723
7934 0.0593389398
7935 0.014828512
7936 -3.34483592E-06
7937 0.0296665714
7938 0.00711899568
7939 0.0442985721
7940 0.155842587
7941 0.0816841221
7942 0.0589491157
7943 -0.0375809688
7944 0.0140415919
7945 0.0668610186
7946 0.126171177
7947 0.0670556278
7948 0.0223449723
7949 0.0371858497
7950 0.0446895368
7951 -0.000595454614
7952 -0.0150325127
7953 0.0446895368
7954 0.147932757
7955 0.0433209933
7956 0.0670556278
7957 0.215569537
7958 0.118883517
7959 -0.000200698419
7960 0.014828512
7961 0.014828512
7962 0.0371858497
7963 0.0446895368
7964 -0.0150325127
7965 0.193426738
7966 0.111742843
7967 0.104218571
7968 0.0223449723
7969 0.0146318031
7970 0.0369900072
7971 0.0223449723
7972 0.0595338411
7973 0.0890137743
7974 0.0223449723
7975 0.0446895368
7976 0.0223449723
7977 0.0146318031
7978 0.0520133185
7979 0.0816841221
7980 0.200959109
7981 0.0371858497
7982 0.014828512
7983 0.00691929473
7984 0.0294704357
7985 0.0371858497
7986 0.0670556278
7987 0.15527018
7988 -3.34483592E-06
7989 -3.34483592E-06
7990 0.014828512
7991 0.0223449723
7992 -0.0150325127
7993 0.00731607173
7994 0.0520133185
7995 0.0223449723
7996 0.0296665714
7997 0.0296665714
7998 0.200392187
7999 -0.0379787896
8000 -0.00751855974
8001 0.0296665714
8002 -0.0150325127
8003 -0.00751855974
8004 -0.0150325127
8005 -0.00751855974
8006 -0.00751855974
8007 0.00731607173
8008 -0.00751855974
8009 0.0223449723
8010 0.0365844908
8011 0.0296665714
8012 0.0223449723
8013 0.0223449723
8014 -0.00751855974
8015 0.014828512
8016 0.0371858497
8017 0.0223449723
8018 0.0223449723
8019 0.0223449723
8020 0.0967320301
8021 0.0223449723
8022 0.0743563152
8023 -0.0231399664
8024 -0.00079285741
8025 0.0446895368
8026 0.0446895368
8027 -3.34483592E-06
8028 -0.00751855974
8029 -3.34483592E-06
8030 0.0144350802
8031 0.0668610186
8032 0.0892074438
8033 0.0223449723
8034 0.014828512
8035 0.014828512
8036 -0.00751855974
8037 -3.34483592E-06
8038 -3.34483592E-06
8039 0.0223449723
8040 0.0223449723
8041 0.0223449723
8042 0.014828512
8043 0.014828512
8044 0.0595338411
8045 0.0446895368
8046 0.0223449723
8047 0.119075948
8048 0.0146318031
8049 -0.00751855974
8050 0.0223449723
8051 -0.0150325127
8052 0.0816841221
8053 0.111742843
8054 0.014828512
8055 0.00731607173
8056 0.156474053
8057 0.0741620641
8058 -0.0150325127
8059 0.0223449723
8060 0.0223449723
8061 0.014828512
8062 0.0670556278
8063 0.0595338411
8064 0.156474053
8065 0.0223449723
8066 -0.00751855974
8067 0.0223449723
8068 0.0223449723
8069 0.0223449723
8070 0.0223449723
8071 -0.00830925171
8072 0.0223449723
8073 0.0446895368
8074 0.0371858497
8075 -0.00751855974
8076 0.0223449723
8077 0.00731607173
8078 0.0223449723
8079 0.014828512
8080 0.0520133185
8081 0.0223449723
8082 0.0595338411
8083 0.00731607173
8084 -0.00751855974
8085 -0.00751855974
8086 -0.0150325127
8087 -0.00751855974
8088 0.0223449723
8089 0.0369900072
8090 -0.00751855974
8091 -0.00751855974
8092 -0.00751855974
8093 -0.00751855974
8094 0.0446895368
8095 0.014828512
8096 0.0520133185
8097 0.0296665714
8098 -0.00751855974
8099 -0.00751855974
8100 0.118261631
8101 0.014828512
8102 0.0223449723
8103 0.0223449723
8104 0.0223449723
8105 0.0223449723
8106 0.0223449723
8107 -0.0150325127
8108 0.0666412692
8109 -0.000398068315
8110 0.0520133185
8111 0.0223449723
8112 -0.00751855974
8113 0.148314959
8114 0.0223449723
8115 0.014828512
8116 -0.00751855974
8117 0.0446895368
8118 0.401577509
8119 -3.34483592E-06
8120 0.00731607173
8121 0.0223449723
8122 0.0146318031
8123 0.014828512
8124 0.0371858497
8125 0.0595338411
8126 0.0223449723
8127 0.0223449723
8128 0.0223449723
8129 0.0223449723
8130 0.0446895368
8131 0.021952127
8132 0.0223449723
8133 -0.000200698419
8134 0.170901638
8135 -0.00751855974
8136 -0.00751855974
8137 -0.00751855974
8138 -0.00751855974
8139 -0.00751855974
8140 -0.00751855974
8141 -0.00751855974
8142 -0.00751855974
8143 -3.34483592E-06
8144 0.00731607173
8145 0.0223449723
8146 -3.34483592E-06
8147 -0.00751855974
8148 -3.34483592E-06
8149 0.014828512
8150 0.014828512
8151 -0.00751855974
8152 0.0223449723
8153 -3.34483592E-06
8154 0.0223449723
8155 -0.00751855974
8156 0.118691089
8157 0.0223449723
8158 0.0670556278
8159 0.171282115
8160 0.0666412692
8161 -0.00791387055
8162 0.0223449723
8163 0.00731607173
8164 -0.00751855974
8165 0.0446895368
8166 -0.0300679682
8167 0.0146318031
8168 -0.00751855974
8169 -0.00751855974
8170 0.0668610186
8171 0.0223449723
8172 -0.0150325127
8173 0.0514277117
8174 0.0371858497
8175 0.0296665714
8176 -0.0150325127
8177 -0.00751855974
8178 0.0894011109
8179 -0.00751855974
8180 -0.0225537063
8181 0.00731607173
8182 0.0894011109
8183 0.00731607173
8184 0.0593389398
8185 0.0814901596
8186 0.00731607173
8187 -0.00751855974
8188 0.0223449723
8189 0.0516229223
8190 0.0296665714
8191 -0.0154284117
8192 0.014828512
8193 0.0223449723
8194 0.0446895368
8195 -3.34483592E-06
8196 0.0223449723
8197 -0.0225537063
8198 0.0741620641
8199 -0.0300679682
8200 0.0670556278
8201 0.0294704357
8202 0.0223449723
8203 -0.0150325127
8204 0.0223449723
8205 -0.189091773
8206 -0.00751855974
8207 0.0223449723
8208 0.014828512
8209 0.0223449723
8210 0.014828512
8211 0.0223449723
8212 -0.00751855974
8213 0.0223449723
8214 0.0223449723
8215 0.0371858497
8216 -0.00751855974
8217 -0.00751855974
8218 0.0518181245
8219 -0.00751855974
8220 0.0668610186
8221 0.0223449723
8222 -3.34483592E-06
8223 0.0223449723
8224 0.014828512
8225 0.014828512
8226 -0.0077162064
8227 0.0589491157
8228 -0.00751855974
8229 -0.00751855974
8230 0.0818780809
8231 0.0223449723
8232 0.022148556
8233 -0.00751855974
8234 0.0223449723
8235 0.0223449723
8236 0.178623003
8237 -0.00751855974
8238 -0.0150325127
8239 -0.0150325127
8240 -0.00751855974
8241 0.014828512
8242 0.0670556278
8243 0.0446895368
8244 0.0223449723
8245 -0.00751855974
8246 0.0223449723
8247 0.0444940592
8248 -3.34483592E-06
8249 -3.34483592E-06
8250 0.0223449723
8251 -0.00751855974
8252 -0.0450927089
8253 0.0446895368
8254 -0.0601350764
8255 -0.000200698419
8256 -0.00751855974
8257 0.014828512
8258 -3.34483592E-06
8259 0.0446895368
8260 0.0595338411
8261 0.889715974
8262 0.0371858497
8263 -0.00751855974
8264 0.229988743
8265 -0.00751855974
8266 0.0282827023
8267 -0.00751855974
8268 -0.00751855974
8269 0.104218571
8270 0.0371858497
8271 0.0444940592
8272 -0.00751855974
8273 -0.00751855974
8274 -3.34483592E-06
8275 0.245807193
8276 0.0371858497
8277 0.0223449723
8278 0.00731607173
8279 0.0371858497
8280 0.0371858497
8281 -0.0174024822
8282 0.0668610186
8283 0.014828512
8284 0.208492746
8285 -3.34483592E-06
8286 0.0446895368
8287 0.0369900072
8288 0.0520133185
8289 0.0223449723
8290 -0.0150325127
8291 0.104218571
8292 0.00731607173
8293 0.0223449723
8294 0.0892074438
8295 -0.00751855974
8296 0.0664467195
8297 0.0670556278
8298 0.0223449723
8299 0.0223449723
8300 0.0223449723
8301 0.0223449723
8302 0.0223449723
8303 -0.000200698419
8304 0.014828512
8305 0.171282115
8306 0.0518181245
8307 -0.000200698419
8308 0.0446895368
8309 0.0371858497
8310 0.0446895368
8311 0.0894011109
8312 -0.0150325127
8313 -0.00751855974
8314 0.0223449723
8315 0.0223449723
8316 -0.0150325127
8317 0.0520133185
8318 -0.00751855974
8319 -0.0150325127
8320 0.00731607173
8321 0.0816841221
8322 0.0743563152
8323 0.0967320301
8324 0.0223449723
8325 -0.00751855974
8326 0.0516229223
8327 0.0223449723
8328 -0.0375809688
8329 -0.0450927089
8330 0.0446895368
8331 -0.00751855974
8332 0.0223449723
8333 0.0741620641
8334 -0.0077162064
8335 0.0967320301
8336 -0.000200698419
8337 -0.00751855974
8338 0.00731607173
8339 -0.00751855974
8340 0.11155012
8341 0.0593389398
8342 0.0296665714
8343 -0.00751855974
8344 0.00731607173
8345 0.0223449723
8346 0.126363244
8347 -0.00751855974
8348 -0.00751855974
8349 0.0520133185
8350 0.0442985721
8351 -0.00751855974
8352 0.0963089481
8353 -0.00751855974
8354 0.022148556
8355 0.0735792815
8356 0.0595338411
8357 0.0223449723
8358 0.156474053
8359 -0.0375809688
8360 -0.0450927089
8361 0.11155012
8362 0.171282115
8363 -0.000200698419
8364 0.0520133185
8365 0.27352198
8366 0.0223449723
8367 0.0223449723
8368 0.0446895368
8369 0.186085218
8370 0.0593389398
8371 0.0444940592
8372 0.0816841221
8373 0.0296665714
8374 0.237710526
8375 -0.0077162064
8376 0.022148556
8377 0.021952127
8378 0.282464385
8379 -0.00751855974
8380 0.014828512
8381 0.0223449723
8382 0.0444940592
8383 -0.0150325127
8384 0.0223449723
8385 0.0223449723
8386 0.00711899568
8387 0.0890137743
8388 0.0223449723
8389 -0.00751855974
8390 -0.0450927089
8391 0.423198405
8392 0.155460975
8393 0.0941469237
8394 1.05896036
8395 0.014828512
8396 0.0223449723
8397 -0.0150325127
8398 -0.0302665724
8399 0.0595338411
8400 0.0223449723
8401 0.0223449723
8402 0.0223449723
8403 0.0223449723
8404 0.14875326
8405 0.0818780809
8406 -0.0077162064
8407 0.00731607173
8408 0.0223449723
8409 -0.0150325127
8410 0.141416117
8411 0.014828512
8412 -0.0375809688
8413 -0.0150325127
8414 -0.00751855974
8415 0.0670556278
8416 -0.0225537063
8417 0.0371858497
8418 -0.0225537063
8419 -0.0225537063
8420 0.014828512
8421 -0.00751855974
8422 0.0223449723
8423 -0.00751855974
8424 0.0223449723
8425 -0.000398068315
8426 -0.0152304529
8427 -0.0150325127
8428 -3.34483592E-06
8429 -0.00751855974
8430 -0.0225537063
8431 0.0223449723
8432 -0.00751855974
8433 0.014828512
8434 -0.0150325127
8435 0.0446895368
8436 -0.00791387055
8437 0.0371858497
8438 0.118453986
8439 0.103060476
8440 0.0894011109
8441 0.230638602
8442 0.0223449723
8443 0.0296665714
8444 0.348885106
8445 0.111357397
8446 -0.0619114284
8447 0.014828512
8448 0.0733850106
8449 -0.00791387055
8450 0.0446895368
8451 0.178175931
8452 0.0670556278
8453 -0.0375809688
8454 0.371706504
8455 -0.00751855974
8456 0.0371858497
8457 -0.0150325127
8458 0.014828512
8459 0.0444940592
8460 0.0223449723
8461 -0.00751855974
8462 0.0223449723
8463 0.0520133185
8464 0.178175931
8465 0.0518181245
8466 -0.00751855974
8467 0.56970512
8468 0.103832541
8469 0.0670556278
8470 0.0816841221
8471 -0.00751855974
8472 0.0892074438
8473 0.00731607173
8474 -0.0150325127
8475 -0.0150325127
8476 0.00731607173
8477 -0.00751855974
8478 -0.00751855974
8479 0.0894011109
8480 -0.0150325127
8481 -0.0150325127
8482 0.0444940592
8483 -3.34483592E-06
8484 0.0371858497
8485 0.0894011109
8486 0.0371858497
8487 0.0371858497
8488 0.014828512
8489 0.0446895368
8490 -0.00751855974
8491 -0.00751855974
8492 0.0670556278
8493 -0.0225537063
8494 -0.00751855974
8495 0.0223449723
8496 0.0446895368
8497 0.171282115
8498 -0.0150325127
8499 -0.00751855974
8500 -0.00751855974
8501 0.00731607173
8502 0.0223449723
8503 0.0223449723
8504 0.119075948
8505 0.0818780809
8506 0.0446895368
8507 -0.0300679682
8508 0.0223449723
8509 0.014828512
8510 0.00711899568
8511 -0.0154284117
8512 0.0506276873
8513 0.0296665714
8514 0.0296665714
8515 -0.000200698419
8516 0.104218571
8517 0.0223449723
8518 0.0223449723
8519 0.178623003
8520 0.00731607173
8521 0.0520133185
8522 -0.0150325127
8523 0.014828512
8524 -0.00751855974
8525 -0.00751855974
8526 0.0144350802
8527 0.0595338411
8528 0.0296665714
8529 0.0664467195
8530 0.0737735473
8531 0.014828512
8532 -0.0150325127
8533 0.00731607173
8534 0.0223449723
8535 0.014828512
8536 0.0371858497
8537 -0.00751855974
8538 0.0223449723
8539 0.133889048
8540 0.014828512
8541 -0.00751855974
8542 0.0816841221
8543 -0.0152304529
8544 0.0223449723
8545 0.036780282
8546 0.0520133185
8547 -0.0229416925
8548 0.0514277117
8549 0.0045521516
8550 -0.0528026798
8551 0.0371858497
8552 0.0296665714
8553 -0.0150325127
8554 0.0223449723
8555 0.0223449723
8556 -0.00751855974
8557 -0.00751855974
8558 0.0223449723
8559 -0.0225537063
8560 0.0146318031
8561 0.0444940592
8562 0.0446895368
8563 -0.0460889177
8564 0.0223449723
8565 0.0223449723
8566 -0.00751855974
8567 0.253156203
8568 0.022148556
8569 0.0446895368
8570 0.111357397
8571 0.014828512
8572 0.00731607173
8573 0.104218571
8574 0.0223449723
8575 -0.00751855974
8576 -0.0150325127
8577 0.021952127
8578 -0.00751855974
8579 0.0296665714
8580 0.0668610186
8581 -0.0150325127
8582 -0.0150325127
8583 0.0668610186
8584 -0.0150325127
8585 -0.00751855974
8586 0.0595338411
8587 0.00691929473
8588 -0.00751855974
8589 -3.34483592E-06
8590 0.0668610186
8591 0.0223449723
8592 0.014828512
8593 0.014828512
8594 -0.0225537063
8595 0.014828512
8596 0.014828512
8597 -0.00751855974
8598 -0.0150325127
8599 -0.000989903444
8600 0.014828512
8601 -0.0077162064
8602 0.014828512
8603 0.0446895368
8604 0.0223449723
8605 0.163562006
8606 0.0146318031
8607 0.0595338411
8608 0.0223449723
8609 -0.00751855974
8610 -0.00751855974
8611 0.0444940592
8612 -0.0077162064
8613 0.0371858497
8614 0.575125752
8615 0.0816841221
8616 0.0520133185
8617 0.00711899568
8618 0.0595338411
8619 0.0296665714
8620 0.43812226
8621 0.014828512
8622 0.0442985721
8623 0.0668610186
8624 0.0446895368
8625 0.111742843
8626 0.021952127
8627 0.0223449723
8628 0.0223449723
8629 -0.00751855974
8630 0.0371858497
8631 0.193616032
8632 -0.00751855974
8633 -0.00751855974
8634 0.691278059
8635 0.0223449723
8636 -3.34483592E-06
8637 -0.00751855974
8638 -0.00751855974
8639 0.155460975
8640 0.242537839
8641 0.0371858497
8642 0.028871069
8643 0.156474053
8644 0.0223449723
8645 0.0371858497
8646 0.0741620641
8647 0.104218571
8648 0.0967320301
8649 0.0446895368
8650 0.0290781292
8651 0.0223449723
8652 0.0223449723
8653 0.363112879
8654 0.0518181245
8655 0.0223449723
8656 -0.0150325127
8657 0.238175035
8658 0.0296665714
8659 0.156224231
8660 0.0294704357
8661 -0.0225537063
8662 0.148944452
8663 0.0142383432
8664 0.460434961
8665 0.156474053
8666 -0.0150325127
8667 0.0223449723
8668 0.00731607173
8669 0.602021942
8670 0.0223449723
8671 0.0223449723
8672 0.0668610186
8673 0.0670556278
8674 0.177796237
8675 0.145776087
8676 0.0718035566
8677 -0.00751855974
8678 -0.00751855974
8679 0.163180964
8680 0.0814901596
8681 0.405615
8682 -0.00751855974
8683 -0.000200698419
8684 0.0365844908
8685 0.133697273
8686 0.452703778
8687 0.162357752
8688 0.134080827
8689 0.14875326
8690 0.0743563152
8691 0.141416117
8692 0.171091871
8693 -0.0077162064
8694 0.0816841221
8695 0.014828512
8696 0.0664467195
8697 0.0814901596
8698 -0.00751855974
8699 0.148314959
8700 0.014828512
8701 0.014828512
8702 0.00731607173
8703 0.0365844908
8704 0.125210888
8705 0.0668610186
8706 0.0442985721
8707 0.0296665714
8708 0.0595338411
8709 0.103832541
8710 0.193048192
8711 0.0371858497
8712 -0.00751855974
8713 0.00731607173
8714 0.171091871
8715 0.334290424
8716 -0.0150325127
8717 -0.00751855974
8718 -0.0150325127
8719 0.0818780809
8720 0.0446895368
8721 0.0967320301
8722 0.0816841221
8723 0.0223449723
8724 0.0446895368
8725 0.170711415
8726 -0.00751855974
8727 0.0296665714
8728 -0.00751855974
8729 0.0668610186
8730 -0.00751855974
8731 -3.34483592E-06
8732 0.0371858497
8733 -0.00751855974
8734 0.0296665714
8735 0.48027232
8736 0.0743563152
8737 -0.0150325127
8738 0.0371858497
8739 0.534560623
8740 0.0444940592
8741 0.111357397
8742 0.014828512
8743 0.0814901596
8744 -0.00751855974
8745 0.014828512
8746 -0.0077162064
8747 0.014828512
8748 0.0296665714
8749 0.0670556278
8750 0.0223449723
8751 -0.016616562
8752 0.282464385
8753 0.0591440314
8754 0.171091871
8755 0.0223449723
8756 0.0892074438
8757 0.0518181245
8758 0.0371858497
8759 0.036780282
8760 0.00711899568
8761 0.0670556278
8762 0.0223449723
8763 -0.0077162064
8764 0.0446895368
8765 -0.0077162064
8766 0.014828512
8767 0.0668610186
8768 0.0356053723
8769 -0.00751855974
8770 0.0894011109
8771 0.16337148
8772 0.260320608
8773 -0.0225537063
8774 -0.00751855974
8775 -0.00751855974
8776 0.215946205
8777 0.177986079
8778 0.0446895368
8779 0.0371858497
8780 0.021952127
8781 0.586942888
8782 0.0520133185
8783 0.0888201023
8784 0.0296665714
8785 -0.00751855974
8786 -0.00751855974
8787 -0.00751855974
8788 0.0223449723
8789 0.0371858497
8790 0.00731607173
8791 0.111742843
8792 0.0223449723
8793 0.0223449723
8794 0.0296665714
8795 0.014828512
8796 0.0894011109
8797 -0.00751855974
8798 -0.00751855974
8799 0.185895634
8800 0.014828512
8801 -0.00751855974
8802 0.0371858497
8803 0.0371858497
8804 -0.0227520158
8805 -0.0077162064
8806 0.133697273
8807 0.0223449723
8808 0.00731607173
8809 0.014828512
8810 -0.00751855974
8811 -0.0077162064
8812 0.022148556
8813 -0.00751855974
8814 0.0223449723
8815 -0.0300679682
8816 0.00731607173
8817 -0.00751855974
8818 -0.00751855974
8819 0.014828512
8820 -0.0225537063
8821 -0.0300679682
8822 -0.00751855974
8823 -0.0150325127
8824 -0.0077162064
8825 0.0223449723
8826 0.0965022565
8827 0.0223449723
8828 0.0894011109
8829 0.00731607173
8830 -0.00751855974
8831 -0.00751855974
8832 -0.0150325127
8833 0.00731607173
8834 0.014828512
8835 0.0371858497
8836 0.148562075
8837 0.00691929473
8838 0.022148556
8839 0.0296665714
8840 0.0371858497
8841 0.0371858497
8842 0.0441030757
8843 0.0743563152
8844 0.0223449723
8845 0.356977117
8846 0.022148556
8847 0.00691929473
8848 0.022148556
8849 -3.34483592E-06
8850 0.00731607173
8851 -0.0152304529
8852 0.014828512
8853 0.036780282
8854 0.562141743
8855 0.0816841221
8856 0.0446895368
8857 0.02155923
8858 0.0223449723
8859 0.0223449723
8860 -3.34483592E-06
8861 -3.34483592E-06
8862 -0.0150325127
8863 0.0595338411
8864 0.0446895368
8865 -0.00751855974
8866 0.0371858497
8867 0.014828512
8868 0.0444940592
8869 0.00731607173
8870 0.126363244
8871 0.014828512
8872 0.0967320301
8873 -0.0150325127
8874 -0.00751855974
8875 0.148562075
8876 0.0223449723
8877 0.0223449723
8878 -0.0150325127
8879 0.00731607173
8880 0.0223449723
8881 0.014828512
8882 0.0670556278
8883 -0.0077162064
8884 0.0883994068
8885 -0.0150325127
8886 0.0814901596
8887 0.311964494
8888 0.134080827
8889 -3.34483592E-06
8890 -3.34483592E-06
8891 0.111742843
8892 -3.34483592E-06
8893 0.0816841221
8894 0.0223449723
8895 -0.00751855974
8896 -0.00751855974
8897 0.0296665714
8898 0.00731607173
8899 0.0371858497
8900 0.0371858497
8901 0.0446895368
8902 0.0223449723
8903 0.0146318031
8904 0.0223449723
8905 -0.0150325127
8906 -0.0225537063
8907 -0.0150325127
8908 -0.00751855974
8909 -0.00751855974
8910 -0.00751855974
8911 0.0213627618
8912 -0.00751855974
8913 0.148944452
8914 0.0223449723
8915 0.0296665714
8916 0.0595338411
8917 0.0371858497
8918 0.148944452
8919 0.0223449723
8920 0.0670556278
8921 -0.00751855974
8922 0.0446895368
8923 0.0371858497
8924 -0.0150325127
8925 -0.00751855974
8926 0.0595338411
8927 0.014828512
8928 -0.0225537063
8929 -0.0225537063
8930 0.0223449723
8931 0.014828512
8932 0.014828512
8933 -0.00751855974
8934 -0.00751855974
8935 0.0446895368
8936 0.0446895368
8937 0.0892074438
8938 -0.00751855974
8939 -0.00751855974
8940 0.014828512
8941 -0.0150325127
8942 0.430927892
8943 0.104025556
8944 0.00731607173
8945 0.0371858497
8946 0.0223449723
8947 0.0223449723
8948 0.00731607173
8949 0.0670556278
8950 0.0223449723
8951 0.0595338411
8952 0.0595338411
8953 -0.00751855974
8954 0.014828512
8955 0.141416117
8956 -0.00751855974
8957 0.014828512
8958 0.0520133185
8959 0.00731607173
8960 0.014828512
8961 0.0371858497
8962 0.014828512
8963 0.0446895368
8964 0.0223449723
8965 -0.00751855974
8966 -0.00751855974
8967 0.0670556278
8968 0.0296665714
8969 0.0223449723
8970 0.014828512
8971 0.0371858497
8972 0.0520133185
8973 -3.34483592E-06
8974 0.0446895368
8975 0.014828512
8976 -0.00751855974
8977 -0.00751855974
8978 0.0223449723
8979 0.0223449723
8980 0.014828512
8981 -3.34483592E-06
8982 0.0595338411
8983 -0.0077162064
8984 0.0446895368
8985 -0.00751855974
8986 0.014828512
8987 0.0446895368
8988 -0.00751855974
8989 -0.00751855974
8990 0.0894011109
8991 0.014828512
8992 0.0223449723
8993 0.0670556278
8994 0.0520133185
8995 0.0446895368
8996 0.0223449723
8997 0.0296665714
8998 0.0223449723
8999 0.0223449723
9000 0.11155012
9001 0.0520133185
9002 0.014828512
9003 0.014828512
9004 -0.00751855974
9005 0.0223449723
9006 0.0894011109
9007 0.0223449723
9008 -3.34483592E-06
9009 0.0595338411
9010 0.014828512
9011 0.0223449723
9012 0.0223449723
9013 -3.34483592E-06
9014 -3.34483592E-06
9015 0.0446895368
9016 -0.00751855974
9017 0.0223449723
9018 0.014828512
9019 0.0223449723
9020 -0.00751855974
9021 0.0223449723
9022 0.014828512
9023 -0.00751855974
9024 0.0223449723
9025 -0.00751855974
9026 0.0223449723
9027 -0.00751855974
9028 -0.00751855974
9029 -0.00751855974
9030 0.0223449723
9031 0.0223449723
9032 0.0371858497
9033 0.0371858497
9034 0.00731607173
9035 -0.00751855974
9036 0.0818780809
9037 0.0223449723
9038 -0.00751855974
9039 0.0223449723
9040 0.0595338411
9041 0.0371858497
9042 0.0223449723
9043 -0.00751855974
9044 0.0446895368
9045 0.0296665714
9046 0.0223449723
9047 -0.0150325127
9048 0.0223449723
9049 0.0223449723
9050 0.0211662805
9051 0.0595338411
9052 0.0446895368
9053 -0.00751855974
9054 0.0294704357
9055 0.0223449723
9056 0.0371858497
9057 -0.00751855974
9058 0.0816841221
9059 0.0446895368
9060 0.134080827
9061 0.0223449723
9062 0.0146318031
9063 -0.0379787896
9064 -0.000200698419
9065 0.0223449723
9066 0.0223449723
9067 0.014828512
9068 0.0446895368
9069 -0.000200698419
9070 -0.00751855974
9071 0.0892074438
9072 -0.00751855974
9073 0.0223449723
9074 0.022148556
9075 0.0670556278
9076 0.133697273
9077 -3.34483592E-06
9078 -3.34483592E-06
9079 -0.0300679682
9080 -0.000200698419
9081 0.0894011109
9082 0.0371858497
9083 0.0818780809
9084 0.022148556
9085 0.0446895368
9086 0.00731607173
9087 0.014828512
9088 0.00711899568
9089 0.0223449723
9090 0.104025556
9091 -0.0150325127
9092 0.0223449723
9093 0.118261631
9094 0.00731607173
9095 -0.0150325127
9096 0.140214413
9097 -0.0225537063
9098 0.0223449723
9099 0.0743563152
9100 0.0595338411
9101 0.028871069
9102 0.433892638
9103 0.0446895368
9104 0.0223449723
9105 0.014828512
9106 0.0223449723
9107 0.0146318031
9108 0.022148556
9109 0.0223449723
9110 -0.0152304529
9111 0.014828512
9112 0.0223449723
9113 -0.00791387055
9114 0.00731607173
9115 -3.34483592E-06
9116 0.0223449723
9117 -0.0150325127
9118 -0.00751855974
9119 -3.34483592E-06
9120 0.014828512
9121 -0.0300679682
9122 -0.00751855974
9123 0.104025556
9124 0.0223449723
9125 -0.00751855974
9126 0.0595338411
9127 -0.0150325127
9128 0.0670556278
9129 -0.00751855974
9130 0.0223449723
9131 -0.000200698419
9132 -0.00751855974
9133 -0.00751855974
9134 -0.0150325127
9135 0.0223449723
9136 -0.00751855974
9137 -0.0150325127
9138 -3.34483592E-06
9139 0.0296665714
9140 -0.0150325127
9141 0.014828512
9142 -3.34483592E-06
9143 -0.00751855974
9144 -0.0229416925
9145 -3.34483592E-06
9146 -0.0375809688
9147 0.0223449723
9148 0.014828512
9149 0.014828512
9150 -0.0379787896
9151 -3.34483592E-06
9152 -0.00850696889
9153 0.0223449723
9154 -0.00751855974
9155 -0.00751855974
9156 -0.0450927089
9157 0.0446895368
9158 0.0371858497
9159 0.014828512
9160 -0.00751855974
9161 -0.00751855974
9162 0.0365844908
9163 0.0223449723
9164 -0.00751855974
9165 0.0892074438
9166 0.0739678082
9167 0.0446895368
9168 0.305344548
9169 0.104218571
9170 0.156224231
9171 0.297917008
9172 0.133889048
9173 0.0595338411
9174 0.104025556
9175 0.238362489
9176 0.141416117
9177 0.141416117
9178 0.111742843
9179 0.0894011109
9180 0.0223449723
9181 0.0446895368
9182 0.014828512
9183 0.014828512
9184 0.0223449723
9185 0.0223449723
9186 0.0446895368
9187 -0.00751855974
9188 0.0743563152
9189 0.0223449723
9190 0.0446895368
9191 0.0223449723
9192 0.111742843
9193 0.111742843
9194 0.0670556278
9195 0.0371858497
9196 0.0223449723
9197 0.0223449723
9198 -0.000200698419
9199 0.0446895368
9200 0.0223449723
9201 0.200959109
9202 -0.00751855974
9203 0.0223449723
9204 0.014828512
9205 0.0223449723
9206 0.0223449723
9207 -0.00751855974
9208 0.134080827
9209 0.625235924
9210 0.0446895368
9211 0.0446895368
9212 0.0446895368
9213 0.0593389398
9214 0.0670556278
9215 -0.00751855974
9216 0.00731607173
9217 -0.00751855974
9218 -0.0150325127
9219 0.00711899568
9220 0.104025556
9221 0.0223449723
9222 0.0296665714
9223 0.103446509
9224 -0.0300679682
9225 0.0223449723
9226 0.0439075696
9227 -0.0225537063
9228 0.0223449723
9229 0.0446895368
9230 0.0223449723
9231 0.0223449723
9232 -0.0375809688
9233 0.11155012
9234 -0.000200698419
9235 0.0371858497
9236 -0.0154284117
9237 0.014828512
9238 -0.0150325127
9239 0.014828512
9240 0.155842587
9241 0.0963089481
9242 0.0294704357
9243 0.0223449723
9244 -0.00751855974
9245 -0.00751855974
9246 -0.00751855974
9247 -0.00751855974
9248 -3.34483592E-06
9249 0.0670556278
9250 -3.34483592E-06
9251 0.014828512
9252 0.00731607173
9253 0.014828512
9254 0.021952127
9255 0.0223449723
9256 -0.00751855974
9257 0.547018781
9258 0.0294704357
9259 -0.00751855974
9260 0.0223449723
9261 -0.00751855974
9262 0.327113637
9263 0.275296486
9264 0.0223449723
9265 0.0223449723
9266 -0.00751855974
9267 0.0516229223
9268 -0.0225537063
9269 0.0595338411
9270 0.014828512
9271 0.0670556278
9272 0.0146318031
9273 0.0223449723
9274 0.0223449723
9275 0.0369900072
9276 0.11155012
9277 0.111742843
9278 0.0223449723
9279 -0.00751855974
9280 0.014828512
9281 -0.00751855974
9282 0.0965022565
9283 0.0223449723
9284 0.0743563152
9285 0.208036904
9286 0.0223449723
9287 0.0205689972
9288 0.0223449723
9289 0.0518181245
9290 0.0223449723
9291 0.0223449723
9292 0.0223449723
9293 -0.0077162064
9294 -0.0152304529
9295 0.0292742884
9296 0.021952127
9297 0.0290781292
9298 -0.0150325127
9299 0.0818780809
9300 -0.000200698419
9301 -0.0150325127
9302 0.0371858497
9303 -3.34483592E-06
9304 0.0223449723
9305 0.014828512
9306 0.00731607173
9307 0.0223449723
9308 -0.00751855974
9309 0.0741620641
9310 0.118883517
9311 0.0296665714
9312 -0.0150325127
9313 0.0371858497
9314 -0.00751855974
9315 0.170901638
9316 0.0446895368
9317 0.0446895368
9318 0.0223449723
9319 -0.00751855974
9320 0.0136480465
9321 0.103639525
9322 0.00731607173
9323 0.0894011109
9324 0.0818780809
9325 0.014828512
9326 -0.0150325127
9327 0.014828512
9328 -0.00751855974
9329 -0.0225537063
9330 0.0446895368
9331 -0.00751855974
9332 -3.34483592E-06
9333 0.0223449723
9334 -0.00751855974
9335 0.0223449723
9336 0.00731607173
9337 0.0520133185
9338 0.0223449723
9339 -0.0152304529
9340 -0.00751855974
9341 0.00731607173
9342 0.014828512
9343 0.0223449723
9344 -0.000200698419
9345 -0.00751855974
9346 -0.00751855974
9347 -0.00751855974
9348 0.0446895368
9349 0.0223449723
9350 0.0670556278
9351 -0.0225537063
9352 0.014828512
9353 -0.0300679682
9354 0.0223449723
9355 0.585520431
9356 0.0223449723
9357 0.0446895368
9358 -0.000200698419
9359 -0.000595454614
9360 -0.0300679682
9361 -0.00751855974
9362 -0.00751855974
9363 0.0223449723
9364 -0.0150325127
9365 0.0967320301
9366 0.0892074438
9367 0.118883517
9368 -0.0227520158
9369 0.0223449723
9370 0.014828512
9371 -0.0150325127
9372 0.0223449723
9373 0.00731607173
9374 -0.00751855974
9375 0.014828512
9376 0.0223449723
9377 0.0223449723
9378 0.170711415
9379 0.175832082
9380 0.0670556278
9381 0.267014606
9382 0.014828512
9383 -0.00791387055
9384 0.0296665714
9385 0.0371858497
9386 0.0520133185
9387 0.0223449723
9388 0.222727421
9389 0.0520133185
9390 0.0361928763
9391 0.0223449723
9392 0.0223449723
9393 -0.00751855974
9394 0.0444940592
9395 0.0371858497
9396 0.0223449723
9397 0.014828512
9398 -0.00751855974
9399 0.0818780809
9400 0.0892074438
9401 0.0296665714
9402 0.036780282
9403 -0.00751855974
9404 -0.00751855974
9405 0.0223449723
9406 0.0223449723
9407 -0.00751855974
9408 -0.00751855974
9409 0.0520133185
9410 0.021952127
9411 -0.0152304529
9412 0.0223449723
9413 0.0591440314
9414 -0.00751855974
9415 0.0223449723
9416 0.119075948
9417 0.356248287
9418 0.185895634
9419 0.00731607173
9420 0.0894011109
9421 0.014828512
9422 0.0223449723
9423 0.022148556
9424 0.0446895368
9425 0.0668610186
9426 0.0371858497
9427 -0.00751855974
9428 0.00731607173
9429 0.0223449723
9430 -0.00751855974
9431 0.0371858497
9432 -0.0379787896
9433 -0.00256927047
9434 0.0806838407
9435 -0.00751855974
9436 0.0967320301
9437 0.0518181245
9438 -0.0154284117
9439 -0.0379787896
9440 0.0371858497
9441 0.00731607173
9442 0.0520133185
9443 -0.00751855974
9444 0.014828512
9445 0.0296665714
9446 -0.071199217
9447 0.0446895368
9448 0.0223449723
9449 -0.0225537063
9450 0.0818780809
9451 0.0965022565
9452 0.0446895368
9453 0.014828512
9454 0.126603042
9455 -0.0150325127
9456 0.0296665714
9457 0.0223449723
9458 0.0595338411
9459 0.0223449723
9460 -0.00751855974
9461 -0.0150325127
9462 -0.00751855974
9463 0.0223449723
9464 0.0446895368
9465 0.0223449723
9466 0.0892074438
9467 -0.00751855974
9468 0.117684574
9469 0.0593389398
9470 0.0670556278
9471 0.0446895368
9472 0.022148556
9473 -0.000200698419
9474 -3.34483592E-06
9475 0.0591440314
9476 -0.0300679682
9477 0.022148556
9478 0.0223449723
9479 0.0223449723
9480 0.0371858497
9481 0.014828512
9482 0.0223449723
9483 0.0223449723
9484 0.193426738
9485 0.0670556278
9486 0.0371858497
9487 0.00731607173
9488 0.014828512
9489 -0.00751855974
9490 0.00731607173
9491 0.0965022565
9492 0.022148556
9493 0.0444940592
9494 0.126171177
9495 0.0446895368
9496 0.0446895368
9497 0.111742843
9498 0.0223449723
9499 0.0816841221
9500 0.00731607173
9501 0.0223449723
9502 0.11155012
9503 0.11155012
9504 0.0223449723
9505 0.014828512
9506 0.11155012
9507 0.11155012
9508 0.014828512
9509 0.0520133185
9510 0.014828512
9511 0.0296665714
9512 0.111742843
9513 0.0894011109
9514 0.0223449723
9515 -0.0077162064
9516 0.0223449723
9517 0.014828512
9518 0.0520133185
9519 0.0894011109
9520 0.155842587
9521 0.0146318031
9522 0.148944452
9523 0.0296665714
9524 0.00731607173
9525 -0.0150325127
9526 0.00731607173
9527 -0.00751855974
9528 0.014828512
9529 0.036780282
9530 -0.00751855974
9531 0.16375254
9532 0.0520133185
9533 0.0223449723
9534 0.228488446
9535 0.356066177
9536 0.192669699
9537 0.133121975
9538 0.133313737
9539 -0.0225537063
9540 0.0223449723
9541 0.0223449723
9542 0.0961156382
9543 0.0446895368
9544 0.0223449723
9545 -0.0150325127
9546 -0.00751855974
9547 -0.00751855974
9548 -0.0150325127
9549 0.0223449723
9550 0.0967320301
9551 0.0520133185
9552 0.14875326
9553 -0.0450927089
9554 0.014828512
9555 0.0371858497
9556 0.16375254
9557 0.0442985721
9558 0.0743563152
9559 0.0446895368
9560 -0.00751855974
9561 0.0223449723
9562 -0.00751855974
9563 0.126363244
9564 0.0223449723
9565 0.0668610186
9566 0.0670556278
9567 -0.00751855974
9568 0.022148556
9569 0.0371858497
9570 -0.0150325127
9571 -0.00751855974
9572 -0.0977132641
9573 0.0223449723
9574 0.0670556278
9575 0.00731607173
9576 0.0223449723
9577 -0.00751855974
9578 0.014828512
9579 -0.00751855974
9580 0.0444940592
9581 0.0223449723
9582 -0.0601350764
9583 -0.000200698419
9584 0.147359502
9585 -0.00751855974
9586 -0.0150325127
9587 -0.0225537063
9588 0.0223449723
9589 -0.0150325127
9590 0.0223449723
9591 -0.00751855974
9592 -0.00751855974
9593 -0.00751855974
9594 0.0444940592
9595 0.0518181245
9596 0.148562075
9597 0.0894011109
9598 0.014828512
9599 0.0296665714
9600 0.297250157
9601 -0.0227520158
9602 0.193426738
9603 -0.0150325127
9604 -3.34483592E-06
9605 0.0446895368
9606 0.014828512
9607 0.021952127
9608 -0.00751855974
9609 0.0371858497
9610 0.0442985721
9611 -0.0225537063
9612 -0.000200698419
9613 -0.000200698419
9614 0.0595338411
9615 0.0444940592
9616 0.0223449723
9617 0.014828512
9618 0.0223449723
9619 0.0595338411
9620 -0.00751855974
9621 0.156474053
9622 -0.0828644236
9623 0.0223449723
9624 0.119075948
9625 -0.0150325127
9626 0.0595338411
9627 0.014828512
9628 0.0371858497
9629 -0.0150325127
9630 0.0446895368
9631 0.0446895368
9632 -3.34483592E-06
9633 0.0518181245
9634 -0.00751855974
9635 -0.00751855974
9636 -0.00751855974
9637 0.171091871
9638 -3.34483592E-06
9639 -3.34483592E-06
9640 -3.34483592E-06
9641 -0.0077162064
9642 0.0595338411
9643 0.0743563152
9644 0.00731607173
9645 0.119075948
9646 0.0446895368
9647 0.0446895368
9648 -3.34483592E-06
9649 -0.00751855974
9650 -0.00751855974
9651 0.0223449723
9652 -0.00751855974
9653 0.0223449723
9654 -0.00751855974
9655 -0.0152304529
9656 0.0223449723
9657 0.0446895368
9658 0.0670556278
9659 0.110971954
9660 -3.34483592E-06
9661 -0.0150325127
9662 -0.0225537063
9663 0.0223449723
9664 -0.00751855974
9665 0.00731607173
9666 0.0371858497
9667 0.0223449723
9668 -0.00751855974
9669 0.0296665714
9670 0.0296665714
9671 0.0894011109
9672 0.0223449723
9673 0.014828512
9674 0.415110892
9675 0.0223449723
9676 0.888778477
9677 0.014828512
9678 0.42389594
9679 -0.0678460269
9680 0.014828512
9681 0.0223449723
9682 0.0446895368
9683 0.0812961933
9684 -0.0682464303
9685 0.0814901596
9686 -0.00751855974
9687 0.156224231
9688 0.00731607173
9689 0.022148556
9690 0.453764445
9691 -0.00751855974
9692 0.014828512
9693 0.014828512
9694 0.0892074438
9695 -0.0225537063
9696 0.267758849
9697 -0.00751855974
9698 0.0223449723
9699 0.014828512
9700 0.0520133185
9701 -0.00751855974
9702 -3.34483592E-06
9703 0.0446895368
9704 0.0666412692
9705 0.0223449723
9706 -3.34483592E-06
9707 0.00731607173
9708 -0.00751855974
9709 0.0591440314
9710 0.0595338411
9711 0.0818780809
9712 -0.0152304529
9713 0.00731607173
9714 -0.00751855974
9715 -0.00751855974
9716 -0.0528026798
9717 0.0518181245
9718 0.0296665714
9719 0.0223449723
9720 -3.34483592E-06
9721 -0.0150325127
9722 -0.000200698419
9723 0.0223449723
9724 0.0223449723
9725 0.0371858497
9726 0.00731607173
9727 0.0223449723
9728 0.00731607173
9729 0.0296665714
9730 0.108769959
9731 0.0223449723
9732 0.0223449723
9733 0.0894011109
9734 0.0668610186
9735 0.00711899568
9736 0.0444940592
9737 -0.00751855974
9738 -0.0154284117
9739 0.0296665714
9740 0.0296665714
9741 -3.34483592E-06
9742 -0.0150325127
9743 0.0371858497
9744 0.014828512
9745 0.0223449723
9746 0.104218571
9747 0.0446895368
9748 0.0743563152
9749 0.0670556278
9750 0.193616032
9751 0.0670556278
9752 0.0818780809
9753 0.14875326
9754 -0.0150325127
9755 -0.00751855974
9756 -0.00751855974
9757 -0.00751855974
9758 0.0446895368
9759 -0.00751855974
9760 -0.00751855974
9761 0.0223449723
9762 0.014828512
9763 0.00711899568
9764 0.0296665714
9765 0.014828512
9766 -0.0682464303
9767 0.0446895368
9768 -0.0150325127
9769 0.0670556278
9770 -0.0150325127
9771 -0.0150325127
9772 0.021952127
9773 0.0520133185
9774 -0.00751855974
9775 0.0442985721
9776 0.0892074438
9777 -3.34483592E-06
9778 -3.34483592E-06
9779 0.0223449723
9780 -0.0077162064
9781 -0.0150325127
9782 0.00731607173
9783 -0.0150325127
9784 0.118883517
9785 -3.34483592E-06
9786 0.0446895368
9787 0.0296665714
9788 -0.0150325127
9789 0.0814901596
9790 0.0446895368
9791 0.0512324926
9792 0.0670556278
9793 -0.00751855974
9794 0.0223449723
9795 0.11155012
9796 -0.00751855974
9797 0.0223449723
9798 0.0223449723
9799 0.0223449723
9800 0.0223449723
9801 0.0223449723
9802 0.118691089
9803 0.0371858497
9804 -0.0229416925
9805 -0.0150325127
9806 -0.00751855974
9807 -0.00751855974
9808 0.0296665714
9809 -0.00751855974
9810 0.178175931
9811 0.013451252
9812 -0.00751855974
9813 0.0516229223
9814 0.222727421
9815 0.00731607173
9816 -0.0225537063
9817 -0.00751855974
9818 0.014828512
9819 0.0371858497
9820 0.0223449723
9821 -3.34483592E-06
9822 -0.0225537063
9823 -0.00751855974
9824 0.356977117
9825 0.0142383432
9826 -0.00751855974
9827 0.0296665714
9828 0.022148556
9829 0.014828512
9830 0.0296665714
9831 0.0223449723
9832 0.0146318031
9833 -0.00751855974
9834 -0.0225537063
9835 0.00731607173
9836 -0.00751855974
9837 0.0223449723
9838 -0.0225537063
9839 -0.00751855974
9840 0.00731607173
9841 0.0591440314
9842 0.0361928763
9843 -0.000200698419
9844 0.022148556
9845 -0.00751855974
9846 0.0442985721
9847 -0.00751855974
9848 0.014828512
9849 0.014828512
9850 0.00711899568
9851 -0.0225537063
9852 0.0223449723
9853 0.0223449723
9854 -0.00751855974
9855 0.0223449723
9856 0.00731607173
9857 0.0371858497
9858 -0.00751855974
9859 -0.00751855974
9860 -0.00751855974
9861 0.00731607173
9862 0.0223449723
9863 0.0369900072
9864 -0.0150325127
9865 0.103832541
9866 0.0223449723
9867 -0.0150325127
9868 -0.0225537063
9869 -0.00751855974
9870 -3.34483592E-06
9871 -0.0225537063
9872 0.0223449723
9873 -0.0225537063
9874 0.014828512
9875 0.0223449723
9876 -0.00751855974
9877 0.0223449723
9878 -0.00751855974
9879 0.014828512
9880 0.0369900072
9881 -0.00751855974
9882 -0.00751855974
9883 -0.00751855974
9884 -0.00751855974
9885 0.014828512
9886 0.014828512
9887 0.0223449723
9888 -0.00751855974
9889 -0.00751855974
9890 0.014828512
9891 0.0371858497
9892 -0.0077162064
9893 0.186085218
9894 0.0595338411
9895 -0.00751855974
9896 0.00731607173
9897 0.0223449723
9898 0.0223449723
9899 -0.00751855974
9900 0.0223449723
9901 0.0223449723
9902 -0.00751855974
9903 -0.0150325127
9904 -0.00751855974
9905 -0.00751855974
9906 -0.00751855974
9907 0.0520133185
9908 0.0223449723
9909 0.0371858497
9910 0.0223449723
9911 0.0595338411
9912 0.0743563152
9913 0.0223449723
9914 0.0371858497
9915 0.134080827
9916 0.0223449723
9917 -3.34483592E-06
9918 -0.0225537063
9919 -3.34483592E-06
9920 0.0371858497
9921 -0.00751855974
9922 -0.0150325127
9923 -0.0150325127
9924 0.014828512
9925 0.014828512
9926 0.014828512
9927 0.0223449723
9928 0.014828512
9929 0.0296665714
9930 0.0146318031
9931 0.0223449723
9932 -0.00751855974
9933 -0.0225537063
9934 0.0223449723
9935 0.0670556278
9936 -0.00751855974
9937 -0.0150325127
9938 0.00731607173
9939 0.0223449723
9940 0.0951490644
9941 -0.00751855974
9942 -3.34483592E-06
9943 0.0223449723
9944 -0.00751855974
9945 -0.000200698419
9946 -0.00751855974
9947 0.0223449723
9948 -0.0150325127
9949 0.0446895368
9950 0.0223449723
9951 -3.34483592E-06
9952 -0.00751855974
9953 -0.00751855974
9954 -0.00751855974
9955 -0.00751855974
9956 -0.0225537063
9957 0.570392321
9958 0.206905532
9959 -0.00751855974
9960 0.0223449723
9961 -3.34483592E-06
9962 0.0223449723
9963 0.0444940592
9964 0.0223449723
9965 0.00731607173
9966 0.0371858497
9967 -3.34483592E-06
9968 0.0223449723
9969 0.0595338411
9970 0.00731607173
9971 0.0371858497
9972 -0.00751855974
9973 0.0223449723
9974 -0.0150325127
9975 0.0446895368
9976 -3.34483592E-06
9977 0.0146318031
9978 -0.0225537063
9979 0.0223449723
9980 0.0743563152
9981 0.0296665714
9982 0.00731607173
9983 0.0223449723
9984 -0.00751855974
9985 -0.0150325127
9986 -0.00751855974
9987 0.00691929473
9988 0.0741620641
9989 0.014828512
9990 0.0743563152
9991 0.0146318031
9992 -0.00751855974
9993 0.0223449723
9994 0.0223449723
9995 -0.00751855974
9996 -0.0150325127
9997 -0.0150325127
9998 0.022148556
9999 -0.00751855974
10000 -0.00751855974
10001 -0.0150325127
10002 -0.000200698419
10003 -0.00751855974
10004 0.00731607173
10005 -0.0375809688
10006 -0.00751855974
10007 -0.00751855974
10008 -0.00751855974
10009 -0.00751855974
10010 -3.34483592E-06
10011 -0.00751855974
10012 0.014828512
10013 -0.0225537063
10014 0.0446895368
10015 0.014828512
10016 0.0371858497
10017 -0.00751855974
10018 0.00731607173
10019 -3.34483592E-06
10020 -0.0150325127
10021 0.0223449723
10022 -0.0225537063
10023 -3.34483592E-06
10024 0.0668610186
10025 -3.34483592E-06
10026 0.022148556
10027 0.014828512
10028 0.0437120539
10029 -0.00751855974
10030 -0.0225537063
10031 -0.0225537063
10032 -3.34483592E-06
10033 -0.00751855974
10034 -0.000200698419
10035 0.0223449723
10036 0.0223449723
10037 0.0286749589
10038 0.00731607173
10039 0.0446895368
10040 -3.34483592E-06
10041 0.0223449723
10042 -0.0450927089
10043 -3.34483592E-06
10044 -0.00751855974
10045 -0.00751855974
10046 0.0223449723
10047 0.00731607173
10048 0.0446895368
10049 0.0223449723
10050 -0.0676458656
10051 0.014828512
10052 0.0371858497
10053 0.0223449723
10054 -0.0150325127
10055 -3.34483592E-06
10056 0.0223449723
10057 0.0223449723
10058 0.0818780809
10059 -0.00751855974
10060 -0.0150325127
10061 0.0223449723
10062 0.0223449723
10063 0.0444940592
10064 -0.00751855974
10065 -0.00751855974
10066 -0.0225537063
10067 0.0223449723
10068 0.0223449723
10069 0.0223449723
10070 -0.00751855974
10071 0.0296665714
10072 -0.0150325127
10073 0.0520133185
10074 0.119075948
10075 -0.00751855974
10076 -0.00751855974
10077 -0.00751855974
10078 0.00731607173
10079 0.0223449723
10080 -0.00751855974
10081 -0.00751855974
10082 -0.00751855974
10083 0.014828512
10084 -0.00751855974
10085 0.0223449723
10086 0.0371858497
10087 0.0223449723
10088 0.0595338411
10089 0.0223449723
10090 0.0371858497
10091 -0.00751855974
10092 -0.0150325127
10093 0.0668610186
10094 0.0144350802
10095 0.0593389398
10096 0.00711899568
10097 0.0223449723
10098 0.0967320301
10099 0.148944452
10100 -0.00751855974
10101 0.022148556
10102 -0.00751855974
10103 0.00731607173
10104 -0.00751855974
10105 0.414573116
10106 0.0668610186
10107 -0.00751855974
10108 -0.00751855974
10109 0.0595338411
10110 -0.00751855974
10111 0.0223449723
10112 0.0223449723
10113 -0.00751855974
10114 -0.00751855974
10115 0.0223449723
10116 0.0223449723
10117 -3.34483592E-06
10118 -3.34483592E-06
10119 -3.34483592E-06
10120 -3.34483592E-06
10121 -3.34483592E-06
10122 -0.0150325127
10123 0.014828512
10124 0.014828512
10125 0.00731607173
10126 0.0223449723
10127 0.0446895368
10128 0.0743563152
10129 0.00731607173
10130 0.0963089481
10131 -0.00751855974
10132 0.0816841221
10133 0.0286749589
10134 0.185516503
10135 0.0520133185
10136 -0.00751855974
10137 -0.0152304529
10138 0.0516229223
10139 0.266642634
10140 -0.000398068315
10141 0.00711899568
10142 0.163562006
10143 0.0963089481
10144 -0.00751855974
10145 -0.00751855974
10146 0.022148556
10147 -0.0225537063
10148 -0.00751855974
10149 0.0223449723
10150 0.00731607173
10151 -0.00751855974
10152 0.0223449723
10153 -0.0150325127
10154 -0.00751855974
10155 -0.0300679682
10156 0.0371858497
10157 0.0296665714
10158 0.0446895368
10159 0.00711899568
10160 0.014828512
10161 -0.0150325127
10162 0.0223449723
10163 -0.00751855974
10164 -3.34483592E-06
10165 0.014828512
10166 0.401245841
10167 0.0814901596
10168 0.014828512
10169 0.0371858497
10170 -3.34483592E-06
10171 -0.00751855974
10172 0.0520133185
10173 0.00731607173
10174 0.014828512
10175 -0.0150325127
10176 0.014828512
10177 -0.00751855974
10178 0.00731607173
10179 0.0371858497
10180 0.014828512
10181 -0.0526230273
10182 0.0294704357
10183 -3.34483592E-06
10184 0.0892074438
10185 0.0444940592
10186 0.0296665714
10187 0.0595338411
10188 0.0223449723
10189 -0.00751855974
10190 -0.0150325127
10191 -0.0225537063
10192 -0.00751855974
10193 -0.00751855974
10194 -0.00751855974
10195 0.00731607173
10196 0.0223449723
10197 0.0223449723
10198 -0.0377798681
10199 0.0365844908
10200 -0.00751855974
10201 0.014828512
10202 0.0371858497
10203 0.0223449723
10204 0.0371858497
10205 -0.0225537063
10206 0.0223449723
10207 -0.0150325127
10208 0.0892074438
10209 0.02155923
10210 0.110544821
10211 0.0296665714
10212 0.0296665714
10213 0.0371858497
10214 0.0223449723
10215 0.014828512
10216 -3.34483592E-06
10217 0.0670556278
10218 0.0446895368
10219 0.0446895368
10220 -0.0150325127
10221 0.00731607173
10222 0.11155012
10223 0.119075948
10224 0.0223449723
10225 0.0223449723
10226 0.0144350802
10227 0.0961156382
10228 -0.0150325127
10229 0.014828512
10230 0.0223449723
10231 0.0516229223
10232 0.0743563152
10233 -0.000200698419
10234 -0.0154284117
10235 -0.0150325127
10236 0.0223449723
10237 -0.00811155229
10238 -0.0156263893
10239 0.0965022565
10240 0.163180964
10241 0.0223449723
10242 0.014828512
10243 -0.00751855974
10244 -0.00751855974
10245 0.0223449723
10246 -0.0300679682
10247 0.0223449723
10248 -0.0300679682
10249 0.0223449723
10250 -0.00751855974
10251 0.119075948
10252 0.014828512
10253 0.014828512
10254 0.0296665714
10255 0.0668610186
10256 0.0371858497
10257 -0.00751855974
10258 0.014828512
10259 0.0296665714
10260 0.00731607173
10261 0.0146318031
10262 -0.00751855974
10263 0.0223449723
10264 -0.00751855974
10265 0.0223449723
10266 0.00731607173
10267 0.0223449723
10268 0.0223449723
10269 -0.00751855974
10270 0.00731607173
10271 -0.0300679682
10272 0.021952127
10273 0.0882057968
10274 0.00731607173
10275 0.0666412692
10276 0.0892074438
10277 0.0223449723
10278 -0.00751855974
10279 0.0223449723
10280 0.00731607173
10281 0.0223449723
10282 0.0223449723
10283 -0.0150325127
10284 -0.00751855974
10285 0.0223449723
10286 0.0444940592
10287 0.0668610186
10288 0.0743563152
10289 0.0446895368
10290 0.0296665714
10291 0.0223449723
10292 0.0223449723
10293 -0.00751855974
10294 -0.0150325127
10295 -0.0454911218
10296 -0.0227520158
10297 -0.0300679682
10298 -0.00751855974
10299 0.0223449723
10300 0.0223449723
10301 -0.00751855974
10302 0.0446895368
10303 -0.0150325127
10304 0.0371858497
10305 -3.34483592E-06
10306 0.0146318031
10307 -0.0077162064
10308 0.0668610186
10309 0.0223449723
10310 0.0223449723
10311 0.0223449723
10312 -0.0225537063
10313 0.00731607173
10314 -0.00751855974
10315 -0.00751855974
10316 0.014828512
10317 0.0444940592
10318 0.0369900072
10319 0.0444940592
10320 -0.00751855974
10321 -3.34483592E-06
10322 0.0223449723
10323 0.00731607173
10324 0.0223449723
10325 0.0223449723
10326 -0.00751855974
10327 0.0296665714
10328 0.0223449723
10329 0.104218571
10330 -3.34483592E-06
10331 0.0223449723
10332 0.0223449723
10333 0.215569537
10334 0.214170953
10335 0.162609468
10336 0.0516229223
10337 0.0136480465
10338 0.377844463
10339 -0.00751855974
10340 -0.00751855974
10341 0.0223449723
10342 0.0446895368
10343 0.0223449723
10344 -0.0150325127
10345 0.0223449723
10346 0.0446895368
10347 0.0223449723
10348 -0.00751855974
10349 -0.00751855974
10350 0.0146318031
10351 0.0223449723
10352 0.0223449723
10353 0.0223449723
10354 -0.00751855974
10355 -0.00751855974
10356 0.0223449723
10357 0.0670556278
10358 0.0296665714
10359 -0.00751855974
10360 -0.00751855974
10361 -0.00751855974
10362 -0.00751855974
10363 -0.000200698419
10364 -0.0225537063
10365 -0.0300679682
10366 0.0223449723
10367 -0.00751855974
10368 -0.00751855974
10369 0.0223449723
10370 -0.00751855974
10371 0.0223449723
10372 0.014828512
10373 -0.00751855974
10374 0.014828512
10375 0.0223449723
10376 -0.00751855974
10377 0.103639525
10378 0.0816841221
10379 0.163562006
10380 -0.0150325127
10381 0.014828512
10382 -3.34483592E-06
10383 0.0965022565
10384 0.0292742884
10385 0.0739678082
10386 0.0520133185
10387 -0.00751855974
10388 0.0446895368
10389 -0.00751855974
10390 0.0223449723
10391 -0.00751855974
10392 -0.0150325127
10393 -0.00751855974
10394 0.00731607173
10395 -0.0225537063
10396 0.0371858497
10397 0.0446895368
10398 -0.00751855974
10399 -0.000200698419
10400 0.0741620641
10401 0.0520133185
10402 0.0520133185
10403 0.014828512
10404 0.0670556278
10405 0.0371858497
10406 0.0371858497
10407 0.00731607173
10408 0.00711899568
10409 0.0223449723
10410 0.0223449723
10411 0.0223449723
10412 -0.00751855974
10413 -0.00751855974
10414 0.0223449723
10415 -0.00751855974
10416 -0.00751855974
10417 -0.00751855974
10418 0.0223449723
10419 0.0371858497
10420 0.104218571
10421 0.0223449723
10422 -3.34483592E-06
10423 -0.00751855974
10424 -3.34483592E-06
10425 0.0223449723
10426 0.0223449723
10427 -0.000200698419
10428 0.0371858497
10429 0.014828512
10430 0.0741620641
10431 -0.00751855974
10432 0.014828512
10433 -0.0150325127
10434 0.0223449723
10435 0.014828512
10436 0.0223449723
10437 -0.000200698419
10438 0.0512324926
10439 0.0223449723
10440 0.0223449723
10441 -0.00751855974
10442 -3.34483592E-06
10443 0.0223449723
10444 -0.0300679682
10445 -0.00751855974
10446 0.014828512
10447 0.0223449723
10448 -0.00751855974
10449 -0.00751855974
10450 -0.0150325127
10451 0.0444940592
10452 0.0666412692
10453 0.0223449723
10454 -0.0150325127
10455 -0.0225537063
10456 -0.030663844
10457 -0.0150325127
10458 -0.000200698419
10459 -0.00751855974
10460 0.0223449723
10461 -0.00751855974
10462 0.147359502
10463 -0.000200698419
10464 -0.000398068315
10465 0.0294704357
10466 0.133505503
10467 -0.00751855974
10468 -3.34483592E-06
10469 -3.34483592E-06
10470 0.0223449723
10471 -0.00751855974
10472 -0.00751855974
10473 -0.0150325127
10474 0.0518181245
10475 0.0296665714
10476 -0.000200698419
10477 0.00731607173
10478 0.022148556
10479 -0.00751855974
10480 0.0446895368
10481 0.014828512
10482 0.0294704357
10483 0.0446895368
10484 0.0223449723
10485 -0.00751855974
10486 0.014828512
10487 -0.00751855974
10488 0.0446895368
10489 0.0371858497
10490 -0.00751855974
10491 -0.000200698419
10492 0.0223449723
10493 -0.00751855974
10494 0.00711899568
10495 -0.000200698419
10496 0.014828512
10497 -0.0152304529
10498 0.0444940592
10499 0.014828512
10500 0.014828512
10501 -0.0150325127
10502 -0.0300679682
10503 -0.0300679682
10504 -0.0300679682
10505 -0.0150325127
10506 -3.34483592E-06
10507 0.0223449723
10508 -0.0300679682
10509 -0.00751855974
10510 0.014828512
10511 0.0446895368
10512 -0.000200698419
10513 0.0668610186
10514 0.0223449723
10515 0.00731607173
10516 -0.00751855974
10517 -0.00751855974
10518 0.0518181245
10519 -0.000200698419
10520 0.00731607173
10521 -0.00751855974
10522 0.0280865556
10523 0.0223449723
10524 0.00731607173
10525 0.0514277117
10526 -0.00751855974
10527 0.117299878
10528 -0.0304651976
10529 0.00731607173
10530 -0.0150325127
10531 0.0371858497
10532 0.014828512
10533 0.0668610186
10534 0.156224231
10535 0.022148556
10536 0.0223449723
10537 0.0146318031
10538 0.162990457
10539 -0.0229416925
10540 -0.0150325127
10541 -0.0150325127
10542 0.00731607173
10543 0.11155012
10544 -0.00751855974
10545 -3.34483592E-06
10546 -0.00751855974
10547 0.0444940592
10548 0.0223449723
10549 0.014828512
10550 0.0223449723
10551 0.0743563152
10552 -0.0152304529
10553 0.0223449723
10554 0.00731607173
10555 -0.0150325127
10556 -0.0150325127
10557 0.0818780809
10558 -0.00751855974
10559 -3.34483592E-06
10560 0.0223449723
10561 0.0223449723
10562 -0.00751855974
10563 -0.0077162064
10564 0.0223449723
10565 0.0441030757
10566 0.0223449723
10567 -0.00751855974
10568 -0.0150325127
10569 -0.00751855974
10570 0.0296665714
10571 0.014828512
10572 0.156224231
10573 -0.0077162064
10574 0.0223449723
10575 0.014828512
10576 -0.00751855974
10577 -0.00751855974
10578 -0.00751855974
10579 -0.00751855974
10580 -0.0150325127
10581 -0.00751855974
10582 0.0296665714
10583 -0.00751855974
10584 0.0223449723
10585 -3.34483592E-06
10586 0.00731607173
10587 -0.00751855974
10588 -0.0156263893
10589 -0.0450927089
10590 0.014828512
10591 -0.00751855974
10592 0.014828512
10593 0.0812961933
10594 -0.0676458656
10595 -0.0150325127
10596 -0.00751855974
10597 -3.34483592E-06
10598 0.0223449723
10599 0.0223449723
10600 0.0444940592
10601 0.104218571
10602 0.0223449723
10603 0.0446895368
10604 0.0369900072
10605 0.104025556
10606 0.0371858497
10607 0.0818780809
10608 0.0371858497
10609 -0.0225537063
10610 -0.0150325127
10611 0.014828512
10612 0.0666412692
10613 0.014828512
10614 -0.000200698419
10615 0.0441030757
10616 0.0518181245
10617 0.00731607173
10618 -0.00751855974
10619 -0.0225537063
10620 -0.00751855974
10621 -0.00751855974
10622 0.00731607173
10623 0.0371858497
10624 -0.00751855974
10625 -0.00751855974
10626 0.0670556278
10627 0.118883517
10628 0.014828512
10629 0.0223449723
10630 0.014828512
10631 -0.00751855974
10632 0.0371858497
10633 -0.00751855974
10634 -0.00751855974
10635 -0.0152304529
10636 -0.000200698419
10637 -0.00751855974
10638 -0.0225537063
10639 0.021952127
10640 -0.00751855974
10641 -0.0152304529
10642 -0.000398068315
10643 0.00731607173
10644 0.0812961933
10645 -0.00751855974
10646 -0.00751855974
10647 -0.00751855974
10648 0.00731607173
10649 -0.0682464303
10650 0.162167346
10651 0.022148556
10652 0.00731607173
10653 -0.00751855974
10654 0.0223449723
10655 -0.00751855974
10656 0.0296665714
10657 -0.000398068315
10658 0.884369773
10659 -0.00751855974
10660 0.0223449723
10661 -0.00751855974
10662 -0.00751855974
10663 -0.00751855974
10664 0.0223449723
10665 0.00731607173
10666 0.00731607173
10667 -0.0150325127
10668 0.0296665714
10669 -0.000200698419
10670 -0.000398068315
10671 0.0369900072
10672 -0.0225537063
10673 -0.00751855974
10674 -0.0077162064
10675 0.0446895368
10676 -0.000200698419
10677 0.014828512
10678 0.0666412692
10679 -0.00751855974
10680 -0.00751855974
10681 -0.0150325127
10682 0.0223449723
10683 -0.00751855974
10684 0.014828512
10685 0.014828512
10686 0.0223449723
10687 0.0371858497
10688 0.0223449723
10689 -0.00751855974
10690 -0.00751855974
10691 -0.0377798681
10692 0.0223449723
10693 0.014828512
10694 0.705329159
10695 0.0520133185
10696 -0.00751855974
10697 0.0223449723
10698 0.014828512
10699 -0.00751855974
10700 0.014828512
10701 0.0670556278
10702 0.0446895368
10703 0.0446895368
10704 -3.34483592E-06
10705 -0.0077162064
10706 -0.00751855974
10707 0.0223449723
10708 -0.00751855974
10709 0.0446895368
10710 -0.0225537063
10711 0.0446895368
10712 0.0223449723
10713 0.014828512
10714 0.022148556
10715 0.0223449723
10716 0.014828512
10717 0.014828512
10718 0.0223449723
10719 -0.00751855974
10720 -0.00751855974
10721 -0.000200698419
10722 -0.0150325127
10723 -0.00751855974
10724 0.0371858497
10725 0.0223449723
10726 0.0296665714
10727 -0.000200698419
10728 0.0223449723
10729 -3.34483592E-06
10730 -0.00751855974
10731 0.0595338411
10732 0.0294704357
10733 0.0668610186
10734 0.014828512
10735 0.0446895368
10736 0.0520133185
10737 -0.00751855974
10738 0.0296665714
10739 -0.00751855974
10740 0.00731607173
10741 0.0223449723
10742 0.014828512
10743 -0.00751855974
10744 0.0290781292
10745 0.0595338411
10746 0.0670556278
10747 0.0668610186
10748 0.0816841221
10749 0.0814901596
10750 -0.00751855974
10751 -0.00751855974
10752 0.00731607173
10753 0.0446895368
10754 -0.00751855974
10755 -0.00751855974
10756 0.0223449723
10757 -0.00751855974
10758 0.014828512
10759 0.0223449723
10760 0.0371858497
10761 0.0444940592
10762 -0.0150325127
10763 -0.0150325127
10764 0.0223449723
10765 -0.00751855974
10766 0.00731607173
10767 -0.0150325127
10768 0.0223449723
10769 -0.00751855974
10770 0.0446895368
10771 -0.00751855974
10772 0.0223449723
10773 0.0595338411
10774 0.200581146
10775 0.430570121
10776 0.00731607173
10777 0.0446895368
10778 0.00672226224
10779 -0.00751855974
10780 -0.00751855974
10781 -3.34483592E-06
10782 0.0223449723
10783 0.0223449723
10784 -0.00751855974
10785 -0.00751855974
10786 -3.34483592E-06
10787 -0.0375809688
10788 0.014828512
10789 -0.00751855974
10790 0.014828512
10791 -0.00751855974
10792 0.014828512
10793 0.0371858497
10794 -0.0450927089
10795 0.0371858497
10796 0.0371858497
10797 0.00731607173
10798 0.0296665714
10799 -0.00751855974
10800 -0.00751855974
10801 0.014828512
10802 0.0371858497
10803 0.0223449723
10804 0.00731607173
10805 0.00711899568
10806 0.014828512
10807 0.0518181245
10808 0.0223449723
10809 0.0520133185
10810 -0.00751855974
10811 -0.00751855974
10812 0.0223449723
10813 0.0223449723
10814 0.0670556278
10815 0.0371858497
10816 0.00731607173
10817 -0.000200698419
10818 0.0894011109
10819 -0.00751855974
10820 -0.00751855974
10821 0.0223449723
10822 -0.0225537063
10823 0.014828512
10824 0.0223449723
10825 -0.0225537063
10826 0.0296665714
10827 -0.00751855974
10828 0.0446895368
10829 0.014828512
10830 -0.00751855974
10831 0.014828512
10832 -0.0150325127
10833 0.0296665714
10834 0.0146318031
10835 -0.0150325127
10836 0.0816841221
10837 -0.0150325127
10838 0.0223449723
10839 0.0223449723
10840 -0.0225537063
10841 0.0743563152
10842 0.00731607173
10843 0.0223449723
10844 -0.0150325127
10845 -0.0150325127
10846 0.00731607173
10847 0.0520133185
10848 -0.00751855974
10849 0.0595338411
10850 0.0446895368
10851 0.022148556
10852 -0.00751855974
10853 0.0371858497
10854 0.0223449723
10855 -0.00751855974
10856 -0.0225537063
10857 0.0444940592
10858 -0.00751855974
10859 0.215569537
10860 0.028871069
10861 0.206528532
10862 0.0223449723
10863 -0.00751855974
10864 -0.0150325127
10865 -0.00751855974
10866 0.0223449723
10867 -0.0225537063
10868 0.014828512
10869 -3.34483592E-06
10870 -0.00751855974
10871 0.0223449723
10872 0.0223449723
10873 0.00731607173
10874 0.133889048
10875 -0.0150325127
10876 0.0444940592
10877 0.103639525
10878 -0.00751855974
10879 -0.00751855974
10880 0.022148556
10881 0.014828512
10882 -0.00751855974
10883 0.0223449723
10884 0.014828512
10885 -0.00751855974
10886 -0.00751855974
10887 -0.00751855974
10888 -0.00751855974
10889 0.0444940592
10890 0.014828512
10891 0.163562006
10892 -0.00751855974
10893 0.0294704357
10894 -0.000200698419
10895 0.0223449723
10896 0.0446895368
10897 0.0668610186
10898 0.0595338411
10899 0.014828512
10900 0.0444940592
10901 0.0446895368
10902 0.0446895368
10903 0.245433011
10904 0.0446895368
10905 0.0223449723
10906 -0.0150325127
10907 -0.000200698419
10908 -0.0304651976
10909 -0.0235365743
10910 -0.00751855974
10911 0.0444940592
10912 0.0446895368
10913 -0.00751855974
10914 0.0595338411
10915 -0.00751855974
10916 0.0292742884
10917 -0.000200698419
10918 0.0223449723
10919 0.0446895368
10920 0.0223449723
10921 0.0223449723
10922 0.0223449723
10923 -0.00751855974
10924 0.00731607173
10925 -0.0300679682
10926 -0.00751855974
10927 0.014828512
10928 0.0444940592
10929 -3.34483592E-06
10930 -3.34483592E-06
10931 0.014828512
10932 0.022148556
10933 -0.00751855974
10934 0.0223449723
10935 0.0223449723
10936 0.014828512
10937 -0.00751855974
10938 0.0296665714
10939 0.0668610186
10940 -3.34483592E-06
10941 0.0739678082
10942 -0.00751855974
10943 0.0516229223
10944 -0.0152304529
10945 0.0223449723
10946 0.014828512
10947 0.0670556278
10948 -0.0150325127
10949 0.014828512
10950 0.0296665714
10951 0.014828512
10952 0.0446895368
10953 0.014828512
10954 -0.000200698419
10955 0.0223449723
10956 0.0371858497
10957 0.0446895368
10958 -0.00751855974
10959 0.014828512
10960 0.0223449723
10961 -3.34483592E-06
10962 0.0670556278
10963 0.0595338411
10964 0.014828512
10965 0.0818780809
10966 0.111742843
10967 0.0223449723
10968 0.0446895368
10969 0.014828512
10970 0.014828512
10971 0.0369900072
10972 0.0442985721
10973 0.0890137743
10974 0.0223449723
10975 0.0223449723
10976 0.022148556
10977 0.0223449723
10978 0.0223449723
10979 0.014828512
10980 0.022148556
10981 0.0223449723
10982 0.0595338411
10983 0.014828512
10984 -0.0225537063
10985 0.0223449723
10986 0.0223449723
10987 0.0223449723
10988 0.0223449723
10989 -0.00751855974
10990 -0.00751855974
10991 0.014828512
10992 -0.0375809688
10993 -0.00751855974
10994 -0.00751855974
10995 -0.00751855974
10996 0.014828512
10997 -0.0225537063
10998 0.0223449723
10999 0.014828512
11000 0.0223449723
11001 0.014828512
11002 0.014828512
11003 -0.00751855974
11004 0.014828512
11005 -0.0300679682
11006 -0.0150325127
11007 0.0595338411
11008 0.014828512
11009 0.00731607173
11010 0.0223449723
11011 -0.0150325127
11012 0.0296665714
11013 0.00672226224
11014 0.0223449723
11015 0.0223449723
11016 0.104218571
11017 -0.00751855974
11018 0.00731607173
11019 -0.000200698419
11020 -0.00751855974
11021 -0.00751855974
11022 0.0371858497
11023 0.0444940592
11024 0.0223449723
11025 -0.00751855974
11026 -0.00751855974
11027 0.00711899568
11028 -0.0152304529
11029 -0.0225537063
11030 0.014828512
11031 -0.0150325127
11032 -0.00751855974
11033 -0.00751855974
11034 -0.00751855974
11035 0.0369900072
11036 0.021952127
11037 0.00731607173
11038 -0.0300679682
11039 -0.00751855974
11040 0.0446895368
11041 0.0520133185
11042 0.0369900072
11043 0.00711899568
11044 -3.34483592E-06
11045 -0.00751855974
11046 0.0223449723
11047 0.00731607173
11048 0.00731607173
11049 0.0223449723
11050 0.0223449723
11051 -0.00751855974
11052 0.0223449723
11053 -0.00751855974
11054 0.0223449723
11055 -0.00751855974
11056 -0.00751855974
11057 -0.00751855974
11058 0.0223449723
11059 -0.0150325127
11060 -0.0150325127
11061 -0.0150325127
11062 0.0967320301
11063 0.0371858497
11064 -0.00751855974
11065 0.00711899568
11066 -0.0154284117
11067 0.0737735473
11068 0.0223449723
11069 -0.00751855974
11070 -0.0225537063
11071 -0.000200698419
11072 0.0296665714
11073 -0.00751855974
11074 0.0223449723
11075 0.0223449723
11076 -3.34483592E-06
11077 0.0741620641
11078 0.0223449723
11079 0.0223449723
11080 0.0223449723
11081 -0.0225537063
11082 0.0371858497
11083 -0.00751855974
11084 0.0741620641
11085 -0.00751855974
11086 -0.00751855974
11087 0.0967320301
11088 -0.0150325127
11089 0.022148556
11090 0.0223449723
11091 0.0223449723
11092 0.0223449723
11093 -0.00751855974
11094 -0.0150325127
11095 0.014828512
11096 0.014828512
11097 0.0369900072
11098 -0.00751855974
11099 0.014828512
11100 0.0223449723
11101 -0.00751855974
11102 0.0371858497
11103 0.0371858497
11104 -0.00751855974
11105 0.0223449723
11106 -0.00751855974
11107 0.00731607173
11108 -0.00751855974
11109 -0.00751855974
11110 0.111164675
11111 -0.00751855974
11112 0.0223449723
11113 -3.34483592E-06
11114 -0.00751855974
11115 0.0223449723
11116 0.014828512
11117 -0.00751855974
11118 0.0595338411
11119 0.0670556278
11120 -0.0225537063
11121 -0.000200698419
11122 0.0371858497
11123 -0.00751855974
11124 0.0223449723
11125 0.0223449723
11126 0.00731607173
11127 0.00731607173
11128 0.0816841221
11129 -0.00751855974
11130 -3.34483592E-06
11131 0.0294704357
11132 0.014828512
11133 0.00711899568
11134 0.141224634
11135 -0.00751855974
11136 -0.00751855974
11137 0.00731607173
11138 -0.000200698419
11139 0.014828512
11140 -0.00751855974
11141 0.0371858497
11142 0.00731607173
11143 0.028871069
11144 0.014828512
11145 0.0223449723
11146 0.0223449723
11147 -0.00751855974
11148 0.014828512
11149 0.0223449723
11150 -0.0225537063
11151 -0.0077162064
11152 0.0369900072
11153 -0.00751855974
11154 0.0520133185
11155 -0.000200698419
11156 -0.00751855974
11157 -0.00751855974
11158 -0.0152304529
11159 0.0223449723
11160 0.0223449723
11161 0.0296665714
11162 0.0223449723
11163 0.0223449723
11164 -0.00751855974
11165 0.014828512
11166 0.0296665714
11167 -3.34483592E-06
11168 -0.00751855974
11169 0.0223449723
11170 0.0446895368
11171 0.0894011109
11172 0.014828512
11173 -0.0077162064
11174 0.0223449723
11175 -0.000200698419
11176 0.014828512
11177 -0.00751855974
11178 -0.00751855974
11179 -0.0300679682
11180 0.0444940592
11181 0.0223449723
11182 0.0223449723
11183 0.0223449723
11184 -3.34483592E-06
11185 0.0731907345
11186 -3.34483592E-06
11187 0.014828512
11188 0.0223449723
11189 -0.00751855974
11190 -0.00751855974
11191 0.0296665714
11192 0.0369900072
11193 0.0668610186
11194 0.0371858497
11195 0.0223449723
11196 -0.00751855974
11197 0.0371858497
11198 0.0223449723
11199 0.0446895368
11200 0.0296665714
11201 0.0223449723
11202 0.0223449723
11203 0.0223449723
11204 0.0223449723
11205 0.0223449723
11206 -0.00751855974
11207 0.0223449723
11208 -0.0225537063
11209 0.0812961933
11210 0.014828512
11211 -0.0150325127
11212 0.0446895368
11213 0.0223449723
11214 0.0446895368
11215 0.0223449723
11216 0.0894011109
11217 0.0371858497
11218 0.00731607173
11219 -0.00751855974
11220 0.0223449723
11221 0.0741620641
11222 0.0520133185
11223 0.0223449723
11224 0.0743563152
11225 0.119075948
11226 0.0223449723
11227 0.0223449723
11228 0.0223449723
11229 0.0223449723
11230 0.0223449723
11231 0.014828512
11232 0.014828512
11233 -0.000200698419
11234 0.0371858497
11235 0.126603042
11236 -0.00751855974
11237 0.00731607173
11238 0.0223449723
11239 0.014828512
11240 -0.00751855974
11241 0.0371858497
11242 -0.0150325127
11243 0.014828512
11244 0.0223449723
11245 0.119075948
11246 0.0223449723
11247 0.0446895368
11248 -0.00751855974
11249 0.0668610186
11250 0.0223449723
11251 0.0296665714
11252 -0.00751855974
11253 -0.0676458656
11254 0.00731607173
11255 0.0595338411
11256 -0.00751855974
11257 0.0223449723
11258 0.0818780809
11259 0.0371858497
11260 0.014828512
11261 -3.34483592E-06
11262 0.00731607173
11263 0.0593389398
11264 -0.00751855974
11265 -0.0077162064
11266 0.0223449723
11267 -0.00751855974
11268 0.0223449723
11269 0.0446895368
11270 -0.00751855974
11271 0.0223449723
11272 -0.0150325127
11273 -0.00751855974
11274 -0.00751855974
11275 -0.00751855974
11276 -0.00751855974
11277 -0.00751855974
11278 0.014828512
11279 0.0446895368
11280 0.0446895368
11281 0.0894011109
11282 -0.00751855974
11283 -0.00751855974
11284 0.0223449723
11285 0.0670556278
11286 0.00731607173
11287 0.022148556
11288 0.0660576016
11289 0.0587320415
11290 0.014828512
11291 -0.0225537063
11292 -0.000200698419
11293 -0.00751855974
11294 0.0223449723
11295 -0.00751855974
11296 0.0223449723
11297 -0.00751855974
11298 -0.0225537063
11299 -0.0152304529
11300 0.014828512
11301 -0.00751855974
11302 -0.0150325127
11303 0.014828512
11304 -0.00751855974
11305 0.171091871
11306 -0.00751855974
11307 -0.00751855974
11308 -0.00751855974
11309 0.00731607173
11310 0.00731607173
11311 0.014828512
11312 0.0223449723
11313 0.0223449723
11314 0.0670556278
11315 0.014828512
11316 0.0223449723
11317 0.0520133185
11318 -0.00079285741
11319 0.0223449723
11320 -0.00791387055
11321 0.0520133185
11322 -3.34483592E-06
11323 -3.34483592E-06
11324 0.0223449723
11325 -0.00751855974
11326 0.00731607173
11327 0.014828512
11328 0.021755685
11329 -0.0225537063
11330 0.022148556
11331 0.148944452
11332 0.230826346
11333 -3.34483592E-06
11334 -0.0150325127
11335 -0.00751855974
11336 0.0223449723
11337 0.0446895368
11338 0.0223449723
11339 0.0223449723
11340 -0.0150325127
11341 -0.00751855974
11342 0.0223449723
11343 0.0892074438
11344 -0.0150325127
11345 0.014828512
11346 0.0223449723
11347 0.0446895368
11348 -0.0152304529
11349 0.00731607173
11350 0.0371858497
11351 0.0446895368
11352 0.0446895368
11353 0.0223449723
11354 0.0223449723
11355 -0.00751855974
11356 -0.00751855974
11357 0.0670556278
11358 0.0446895368
11359 -0.00751855974
11360 -3.34483592E-06
11361 0.0446895368
11362 -0.00751855974
11363 0.014828512
11364 -0.00751855974
11365 0.0223449723
11366 0.0223449723
11367 -0.00751855974
11368 0.0371858497
11369 0.0743563152
11370 0.0818780809
11371 0.0223449723
11372 -0.0828644236
11373 0.0223449723
11374 0.111742843
11375 0.0223449723
11376 0.0371858497
11377 0.014828512
11378 0.0296665714
11379 -0.00751855974
11380 0.014828512
11381 0.0223449723
11382 -3.34483592E-06
11383 0.014828512
11384 -0.00751855974
11385 -0.0150325127
11386 -0.00751855974
11387 0.014828512
11388 -0.00751855974
11389 -0.0150325127
11390 0.0223449723
11391 0.0223449723
11392 -0.00751855974
11393 -0.0225537063
11394 -0.00751855974
11395 0.014828512
11396 -0.00751855974
11397 -0.00751855974
11398 0.0223449723
11399 0.0223449723
11400 0.0446895368
11401 0.0223449723
11402 0.0146318031
11403 0.0223449723
11404 -0.0150325127
11405 0.0371858497
11406 -3.34483592E-06
11407 0.14875326
11408 0.319020327
11409 0.0223449723
11410 0.0223449723
11411 -0.00811155229
11412 0.0223449723
11413 0.0292742884
11414 0.0516229223
11415 0.0371858497
11416 0.0520133185
11417 0.014828512
11418 -0.00751855974
11419 -0.00751855974
11420 0.0223449723
11421 0.014828512
11422 0.014828512
11423 0.014828512
11424 0.00731607173
11425 0.0371858497
11426 0.0371858497
11427 -0.0150325127
11428 0.0223449723
11429 0.0223449723
11430 0.0223449723
11431 0.0223449723
11432 0.319876125
11433 0.431448514
11434 -0.00751855974
11435 -0.00751855974
11436 0.0818780809
11437 0.0371858497
11438 -0.00751855974
11439 0.00731607173
11440 0.0223449723
11441 -0.00751855974
11442 -0.00751855974
11443 -0.00751855974
11444 -3.34483592E-06
11445 -3.34483592E-06
11446 0.00731607173
11447 -0.00751855974
11448 -0.00751855974
11449 0.00731607173
11450 0.0223449723
11451 0.022148556
11452 0.186085218
11453 0.118883517
11454 -0.000200698419
11455 -0.00751855974
11456 -0.00751855974
11457 -0.00751855974
11458 0.0894011109
11459 -0.00751855974
11460 -0.00751855974
11461 0.0818780809
11462 -0.00751855974
11463 -0.0150325127
11464 0.0369900072
11465 0.0446895368
11466 0.134080827
11467 0.0223449723
11468 -0.00751855974
11469 -0.00751855974
11470 0.0223449723
11471 0.0743563152
11472 0.0223449723
11473 0.0223449723
11474 -3.34483592E-06
11475 -0.00751855974
11476 -3.34483592E-06
11477 -0.0150325127
11478 -0.0150325127
11479 0.014828512
11480 -0.00751855974
11481 0.0446895368
11482 -0.0150325127
11483 0.0223449723
11484 0.0223449723
11485 -0.00751855974
11486 0.0223449723
11487 0.0371858497
11488 -0.00751855974
11489 0.021952127
11490 0.0593389398
11491 0.103832541
11492 0.0446895368
11493 0.0223449723
11494 0.0144350802
11495 0.0296665714
11496 0.0739678082
11497 -0.00751855974
11498 0.0223449723
11499 0.0296665714
11500 0.0446895368
11501 0.0223449723
11502 0.0446895368
11503 0.0446895368
11504 -0.0300679682
11505 0.0223449723
11506 0.27548232
11507 -0.00751855974
11508 0.0446895368
11509 0.014828512
11510 0.0444940592
11511 0.0223449723
11512 0.0223449723
11513 -0.00751855974
11514 -0.00791387055
11515 -0.00751855974
11516 0.00731607173
11517 0.014828512
11518 -0.00751855974
11519 -0.00751855974
11520 0.0223449723
11521 -0.0225537063
11522 0.0223449723
11523 0.0223449723
11524 0.0593389398
11525 0.00731607173
11526 0.0223449723
11527 0.0668610186
11528 -0.00751855974
11529 0.0668610186
11530 0.022148556
11531 0.0371858497
11532 0.0223449723
11533 -0.0150325127
11534 -0.00751855974
11535 0.0296665714
11536 -0.0150325127
11537 0.00731607173
11538 0.00731607173
11539 0.0446895368
11540 0.014828512
11541 0.0446895368
11542 0.0223449723
11543 0.0223449723
11544 -0.00751855974
11545 -0.00751855974
11546 0.0666412692
11547 -0.00751855974
11548 -0.00751855974
11549 0.0446895368
11550 0.0223449723
11551 -0.00751855974
11552 0.0446895368
11553 0.0446895368
11554 0.111742843
11555 0.0223449723
11556 -0.00751855974
11557 0.0223449723
11558 0.0223449723
11559 -0.0150325127
11560 0.0371858497
11561 0.0595338411
11562 0.0223449723
11563 -0.00751855974
11564 -0.00751855974
11565 -0.00751855974
11566 -0.00751855974
11567 0.0223449723
11568 0.00731607173
11569 0.0296665714
11570 -0.0150325127
11571 -0.00751855974
11572 0.022148556
11573 0.0446895368
11574 -0.0300679682
11575 0.0223449723
11576 0.0670556278
11577 0.0670556278
11578 0.0223449723
11579 -0.00751855974
11580 -0.000200698419
11581 0.00731607173
11582 -0.00751855974
11583 0.0446895368
11584 0.014828512
11585 -0.00751855974
11586 0.0818780809
11587 -0.0150325127
11588 0.148944452
11589 0.0668610186
11590 -0.00751855974
11591 0.0223449723
11592 0.0223449723
11593 0.0446895368
11594 0.0520133185
11595 0.0670556278
11596 0.0802960137
11597 -0.00751855974
11598 -0.00751855974
11599 0.0223449723
11600 0.014828512
11601 -3.34483592E-06
11602 -0.00751855974
11603 -0.00751855974
11604 0.0146318031
11605 -0.00751855974
11606 0.0223449723
11607 0.00731607173
11608 0.0446895368
11609 0.0223449723
11610 -0.0150325127
11611 -0.00751855974
11612 -0.00751855974
11613 0.0223449723
11614 0.0446895368
11615 0.0670556278
11616 0.014828512
11617 0.014828512
11618 0.0223449723
11619 -0.00751855974
11620 0.0223449723
11621 -0.000200698419
11622 -0.0150325127
11623 0.0223449723
11624 0.014828512
11625 0.0296665714
11626 0.0223449723
11627 0.0223449723
11628 -0.0150325127
11629 -0.00751855974
11630 0.0223449723
11631 -0.00751855974
11632 -0.000200698419
11633 0.0371858497
11634 0.0595338411
11635 -0.00751855974
11636 0.014828512
11637 0.0223449723
11638 0.0223449723
11639 0.0446895368
11640 0.0223449723
11641 0.0223449723
11642 0.0223449723
11643 0.014828512
11644 0.0223449723
11645 0.0223449723
11646 0.00731607173
11647 0.0223449723
11648 0.0223449723
11649 0.0223449723
11650 0.0223449723
11651 0.0223449723
11652 -0.00751855974
11653 0.0296665714
11654 -0.000200698419
11655 0.0223449723
11656 0.014828512
11657 0.0670556278
11658 0.0670556278
11659 0.0223449723
11660 0.0296665714
11661 0.014828512
11662 0.0223449723
11663 -0.00751855974
11664 -0.00751855974
11665 0.014828512
11666 0.014828512
11667 0.0223449723
11668 0.0296665714
11669 0.0446895368
11670 0.0223449723
11671 -0.00751855974
11672 -0.00751855974
11673 -0.0150325127
11674 -0.00751855974
11675 -0.0150325127
11676 -0.00751855974
11677 -0.00751855974
11678 0.014828512
11679 0.0223449723
11680 -0.0150325127
11681 -0.00751855974
11682 -0.00751855974
11683 -0.0150325127
11684 0.00731607173
11685 0.014828512
11686 0.0371858497
11687 0.014828512
11688 0.0223449723
11689 -0.00751855974
11690 -0.00751855974
11691 -0.00751855974
11692 0.0371858497
11693 0.0668610186
11694 0.014828512
11695 0.0223449723
11696 -0.0225537063
11697 -0.0077162064
11698 -0.00751855974
11699 0.0223449723
11700 0.0223449723
11701 0.706928275
11702 -0.0150325127
11703 0.0668610186
11704 0.014828512
11705 0.022148556
11706 0.014828512
11707 -3.34483592E-06
11708 0.014828512
11709 0.0223449723
11710 -0.00751855974
11711 -3.34483592E-06
11712 0.014828512
11713 0.0223449723
11714 -0.00751855974
11715 0.014828512
11716 -0.00751855974
11717 0.00731607173
11718 0.0446895368
11719 0.0595338411
11720 0.111164675
11721 0.0223449723
11722 -0.00751855974
11723 0.0371858497
11724 0.00731607173
11725 -0.00751855974
11726 0.0223449723
11727 0.014828512
11728 0.0223449723
11729 -0.00751855974
11730 0.126603042
11731 0.0296665714
11732 0.0446895368
11733 0.014828512
11734 0.00731607173
11735 0.0296665714
11736 0.0731907345
11737 -0.00751855974
11738 -0.00751855974
11739 0.0223449723
11740 -3.34483592E-06
11741 0.0223449723
11742 0.0223449723
11743 0.0371858497
11744 0.0296665714
11745 0.014828512
11746 0.0595338411
11747 -0.00751855974
11748 0.014828512
11749 -0.00751855974
11750 -0.0150325127
11751 0.014828512
11752 0.036780282
11753 -0.00751855974
11754 -0.00751855974
11755 -0.00751855974
11756 0.0595338411
11757 -0.00751855974
11758 0.0223449723
11759 -0.0150325127
11760 0.0223449723
11761 0.00731607173
11762 -0.0300679682
11763 0.0223449723
11764 0.0146318031
11765 0.0223449723
11766 -3.34483592E-06
11767 -0.00751855974
11768 -0.00751855974
11769 -0.00751855974
11770 0.014828512
11771 0.0223449723
11772 -0.0150325127
11773 0.014828512
11774 0.0223449723
11775 0.0223449723
11776 -0.0152304529
11777 -0.00751855974
11778 0.014828512
11779 0.014828512
11780 -0.00751855974
11781 0.0670556278
11782 0.0223449723
11783 0.0223449723
11784 0.0223449723
11785 0.0223449723
11786 0.014828512
11787 0.0371858497
11788 -0.0150325127
11789 0.0223449723
11790 -0.0150325127
11791 0.0371858497
11792 -0.0150325127
11793 -0.00751855974
11794 0.0223449723
11795 -3.34483592E-06
11796 0.0223449723
11797 -0.0152304529
11798 0.0223449723
11799 -0.00751855974
11800 0.014828512
11801 0.0741620641
11802 0.0593389398
11803 0.0223449723
11804 0.119075948
11805 -0.00751855974
11806 -0.00751855974
11807 -0.0150325127
11808 0.0223449723
11809 0.0223449723
11810 0.0223449723
11811 0.00731607173
11812 0.0223449723
11813 0.0296665714
11814 -0.00751855974
11815 -0.0225537063
11816 0.0223449723
11817 0.0223449723
11818 -0.00751855974
11819 -0.0225537063
11820 0.0223449723
11821 0.0371858497
11822 0.0223449723
11823 -0.00751855974
11824 0.0223449723
11825 0.0292742884
11826 0.0818780809
11827 0.014828512
11828 0.0967320301
11829 0.0446895368
11830 0.0223449723
11831 -0.00751855974
11832 0.0223449723
11833 0.0223449723
11834 -0.0077162064
11835 -0.00751855974
11836 0.0223449723
11837 0.297434974
11838 0.0371858497
11839 0.0446895368
11840 0.0223449723
11841 0.0371858497
11842 0.0595338411
11843 -0.000200698419
11844 0.014828512
11845 0.0371858497
11846 0.0595338411
11847 0.0296665714
11848 0.00731607173
11849 0.0296665714
11850 0.0296665714
11851 0.0223449723
11852 0.088012184
11853 0.0223449723
11854 0.0371858497
11855 -0.00751855974
11856 0.0444940592
11857 0.014828512
11858 -0.0225537063
11859 -0.00751855974
11860 0.0223449723
11861 0.0213627618
11862 0.00731607173
11863 0.014828512
11864 0.0296665714
11865 -0.0300679682
11866 -0.000200698419
11867 -0.0150325127
11868 -0.0150325127
11869 0.0670556278
11870 -0.000200698419
11871 0.0223449723
11872 0.0223449723
11873 0.0292742884
11874 -0.00751855974
11875 -0.0150325127
11876 0.0223449723
11877 0.0223449723
11878 -0.0077162064
11879 0.104025556
11880 0.0446895368
11881 0.0223449723
11882 -3.34483592E-06
11883 0.0593389398
11884 0.134080827
11885 0.0296665714
11886 0.0146318031
11887 0.0223449723
11888 -0.00751855974
11889 0.014828512
11890 0.0371858497
11891 0.245620091
11892 0.0371858497
11893 -0.000200698419
11894 0.0967320301
11895 0.0892074438
11896 0.0670556278
11897 0.0446895368
11898 0.00731607173
11899 0.0223449723
11900 0.0666412692
11901 -0.0225537063
11902 -0.00751855974
11903 -0.00751855974
11904 -0.00751855974
11905 0.0743563152
11906 -0.00751855974
11907 0.0446895368
11908 0.0294704357
11909 -0.0225537063
11910 -0.0150325127
11911 0.014828512
11912 -0.0225537063
11913 0.141416117
11914 -0.00751855974
11915 0.0223449723
11916 0.0444940592
11917 -0.00751855974
11918 -3.34483592E-06
11919 0.0223449723
11920 -0.00751855974
11921 0.0223449723
11922 -3.34483592E-06
11923 0.0296665714
11924 0.460790175
11925 0.0223449723
11926 -0.00751855974
11927 0.0818780809
11928 0.0446895368
11929 -0.00751855974
11930 0.0670556278
11931 0.014828512
11932 -0.00751855974
11933 0.0223449723
11934 -0.00751855974
11935 0.0446895368
11936 0.0223449723
11937 -3.34483592E-06
11938 0.0223449723
11939 0.0446895368
11940 -0.000200698419
11941 0.0223449723
11942 0.00731607173
11943 -0.00751855974
11944 -0.0450927089
11945 0.00731607173
11946 -3.34483592E-06
11947 -0.00751855974
11948 -0.00751855974
11949 0.0223449723
11950 -0.00751855974
11951 0.0444940592
11952 -3.34483592E-06
11953 -0.00751855974
11954 0.014828512
11955 0.111742843
11956 0.022148556
11957 0.014828512
11958 0.0892074438
11959 0.0296665714
11960 0.0446895368
11961 0.0223449723
11962 -0.00751855974
11963 0.309155998
11964 -0.00751855974
11965 0.0371858497
11966 0.0223449723
11967 0.0369900072
11968 0.0446895368
11969 -0.00751855974
11970 0.141224634
11971 0.0444940592
11972 -0.0150325127
11973 0.0296665714
11974 0.0520133185
11975 0.0371858497
11976 -0.0150325127
11977 0.00731607173
11978 0.0223449723
11979 0.014828512
11980 0.0670556278
11981 0.0223449723
11982 0.00711899568
11983 0.0520133185
11984 -0.00751855974
11985 0.00731607173
11986 -0.00751855974
11987 -0.00751855974
11988 -0.00751855974
11989 0.0963089481
11990 0.0296665714
11991 0.0595338411
11992 0.0223449723
11993 0.0223449723
11994 0.133889048
11995 0.0292742884
11996 0.193237458
11997 -0.00751855974
11998 -0.0150325127
11999 0.0446895368
12000 0.0223449723
12001 0.148944452
12002 0.0223449723
12003 -0.000398068315
12004 0.0591440314
12005 -0.0150325127
12006 -0.0233382603
12007 0.0223449723
12008 0.22151624
12009 0.0816841221
12010 -0.0452919037
12011 0.0446895368
12012 0.0595338411
12013 0.00711899568
12014 0.014828512
12015 -0.00751855974
12016 -0.0077162064
12017 0.163562006
12018 0.133505503
12019 0.0223449723
12020 0.0223449723
12021 0.014828512
12022 0.0296665714
12023 0.0223449723
12024 0.00731607173
12025 -0.0150325127
12026 -0.0150325127
12027 -0.00751855974
12028 -0.00751855974
12029 0.0296665714
12030 -0.0302665724
12031 0.0223449723
12032 -0.0150325127
12033 -0.00751855974
12034 0.0446895368
12035 0.0223449723
12036 0.014828512
12037 -3.34483592E-06
12038 0.0520133185
12039 0.0371858497
12040 0.111164675
12041 0.00731607173
12042 -0.0452919037
12043 -0.00751855974
12044 0.0223449723
12045 0.00731607173
12046 0.104218571
12047 -0.0150325127
12048 0.207094055
12049 0.0223449723
12050 0.0446895368
12051 0.0371858497
12052 -0.00751855974
12053 0.014828512
12054 0.0444940592
12055 -0.0231399664
12056 0.126363244
12057 0.170711415
12058 0.0223449723
12059 0.014828512
12060 -0.0150325127
12061 -0.00751855974
12062 -3.34483592E-06
12063 0.0371858497
12064 -0.00791387055
12065 0.00731607173
12066 0.0223449723
12067 -3.34483592E-06
12068 0.0593389398
12069 0.0518181245
12070 -0.00079285741
12071 0.0223449723
12072 -0.0150325127
12073 -0.00751855974
12074 0.0223449723
12075 -0.00751855974
12076 -0.00751855974
12077 -3.34483592E-06
12078 0.014828512
12079 0.0670556278
12080 -0.00751855974
12081 -0.00751855974
12082 0.0668610186
12083 -3.34483592E-06
12084 0.0223449723
12085 0.0223449723
12086 -0.00751855974
12087 0.014828512
12088 -0.00751855974
12089 0.0223449723
12090 -0.0225537063
12091 0.00731607173
12092 -0.0676458656
12093 0.0446895368
12094 0.0892074438
12095 0.0296665714
12096 0.110971954
12097 -0.00751855974
12098 0.0961156382
12099 0.0371858497
12100 0.00711899568
12101 -0.00751855974
12102 -0.0300679682
12103 0.0446895368
12104 -0.00751855974
12105 0.0670556278
12106 0.0369900072
12107 -0.0302665724
12108 0.0583423168
12109 0.11155012
12110 -3.34483592E-06
12111 0.014828512
12112 -0.00751855974
12113 -0.082663667
12114 0.0666412692
12115 0.014828512
12116 -3.34483592E-06
12117 0.0518181245
12118 0.014828512
12119 0.0223449723
12120 0.014828512
12121 0.00731607173
12122 -0.0150325127
12123 -0.0225537063
12124 0.110352171
12125 0.0520133185
12126 0.014828512
12127 0.014828512
12128 0.0146318031
12129 -0.00751855974
12130 0.014828512
12131 0.0739678082
12132 -0.0607118484
12133 0.014828512
12134 0.0223449723
12135 0.0223449723
12136 0.0223449723
12137 0.014828512
12138 0.118883517
12139 -0.0150325127
12140 0.0593389398
12141 0.00731607173
12142 -0.000200698419
12143 -0.00751855974
12144 0.0371858497
12145 0.0595338411
12146 0.0223449723
12147 0.0446895368
12148 0.0223449723
12149 0.0818780809
12150 0.0371858497
12151 -0.000200698419
12152 0.0518181245
12153 0.0518181245
12154 0.014828512
12155 0.0296665714
12156 0.021952127
12157 0.0371858497
12158 0.014828512
12159 0.0223449723
12160 0.0446895368
12161 0.312148664
12162 0.00672226224
12163 0.0223449723
12164 0.014828512
12165 0.0223449723
12166 0.0223449723
12167 -0.00751855974
12168 0.00731607173
12169 0.0371858497
12170 0.0223449723
12171 0.014828512
12172 -0.00791387055
12173 0.022148556
12174 -0.0077162064
12175 -0.00751855974
12176 -0.00751855974
12177 0.0662521636
12178 0.193048192
12179 0.162799958
12180 0.0223449723
12181 0.00731607173
12182 -0.00751855974
12183 0.0446895368
12184 0.0223449723
12185 -0.0150325127
12186 0.0146318031
12187 0.00731607173
12188 0.0223449723
12189 -0.0227520158
12190 -0.0150325127
12191 0.014828512
12192 0.022148556
12193 0.014828512
12194 -0.000200698419
12195 -0.0077162064
12196 0.103639525
12197 -0.00751855974
12198 -0.00751855974
12199 0.0223449723
12200 0.014828512
12201 -0.00751855974
12202 -0.00751855974
12203 -0.0150325127
12204 -0.00751855974
12205 -0.0150325127
12206 -0.00751855974
12207 -0.0150325127
12208 0.0818780809
12209 -0.00751855974
12210 -0.0828644236
12211 0.0296665714
12212 -0.0375809688
12213 0.0223449723
12214 -0.000200698419
12215 0.0223449723
12216 0.014828512
12217 0.0223449723
12218 -0.00751855974
12219 0.0223449723
12220 -0.00751855974
12221 0.327113637
12222 0.0223449723
12223 -0.00751855974
12224 0.00731607173
12225 0.022148556
12226 0.0223449723
12227 0.0446895368
12228 0.0223449723
12229 0.0223449723
12230 -0.000200698419
12231 -0.000595454614
12232 0.0444940592
12233 0.0223449723
12234 0.0223449723
12235 0.014828512
12236 0.0818780809
12237 0.0223449723
12238 -0.0225537063
12239 -0.00751855974
12240 0.022148556
12241 0.014828512
12242 -0.00751855974
12243 -3.34483592E-06
12244 -0.000398068315
12245 -0.00751855974
12246 -0.00751855974
12247 -0.00751855974
12248 0.0223449723
12249 -0.00751855974
12250 0.014828512
12251 -0.0150325127
12252 -0.0150325127
12253 -0.00751855974
12254 -0.00751855974
12255 0.014828512
12256 -0.00751855974
12257 0.0223449723
12258 0.0296665714
12259 0.014828512
12260 -0.0150325127
12261 0.0223449723
12262 0.0146318031
12263 -0.00751855974
12264 -0.00751855974
12265 0.0371858497
12266 -0.00751855974
12267 -0.00751855974
12268 -0.00751855974
12269 0.0296665714
12270 0.0518181245
12271 0.0294704357
12272 -0.00751855974
12273 0.0223449723
12274 0.0223449723
12275 -0.000595454614
12276 0.0741620641
12277 0.0371858497
12278 0.014828512
12279 0.014828512
12280 -3.34483592E-06
12281 -0.00751855974
12282 0.0223449723
12283 0.208304049
12284 0.0371858497
12285 0.014828512
12286 -3.34483592E-06
12287 0.0446895368
12288 0.00731607173
12289 0.0223449723
12290 0.0223449723
12291 0.0446895368
12292 0.0223449723
12293 -0.0302665724
12294 0.0223449723
12295 0.014828512
12296 0.0296665714
12297 0.0223449723
12298 0.00731607173
12299 0.0593389398
12300 0.0446895368
12301 0.00731607173
12302 0.014828512
12303 0.022148556
12304 -0.000398068315
12305 -3.34483592E-06
12306 -0.000200698419
12307 0.00731607173
12308 0.0670556278
12309 -0.0150325127
12310 -0.00751855974
12311 0.0371858497
12312 0.0591440314
12313 0.014828512
12314 0.0223449723
12315 -0.00751855974
12316 0.0369900072
12317 -0.00751855974
12318 0.11155012
12319 0.0223449723
12320 0.00731607173
12321 0.223103436
12322 0.349432665
12323 0.133697273
12324 0.021952127
12325 0.0520133185
12326 -0.0077162064
12327 -3.34483592E-06
12328 -0.00751855974
12329 -0.00751855974
12330 -0.0150325127
12331 0.022148556
12332 0.0223449723
12333 -0.000398068315
12334 0.0371858497
12335 0.014828512
12336 0.0965022565
12337 0.0446895368
12338 0.0818780809
12339 0.0371858497
12340 0.0595338411
12341 0.118883517
12342 0.126363244
12343 0.0223449723
12344 -0.00751855974
12345 0.0223449723
12346 -0.00751855974
12347 0.0223449723
12348 0.0223449723
12349 0.0223449723
12350 0.014828512
12351 0.0223449723
12352 -0.00751855974
12353 -0.00751855974
12354 0.0369900072
12355 0.0369900072
12356 0.0446895368
12357 0.0223449723
12358 0.0223449723
12359 0.02155923
12360 0.178433062
12361 0.00691929473
12362 0.0223449723
12363 0.014828512
12364 0.0894011109
12365 -0.0150325127
12366 0.0223449723
12367 0.014828512
12368 -0.0300679682
12369 0.022148556
12370 0.0223449723
12371 -0.00751855974
12372 -0.00751855974
12373 -0.0150325127
12374 -0.0227520158
12375 -0.053002195
12376 0.00731607173
12377 0.0144350802
12378 0.125979113
12379 -0.0229416925
12380 -0.0150325127
12381 -0.00138464338
12382 0.0146318031
12383 0.311662808
12384 0.0144350802
12385 -0.0158243858
12386 0.014828512
12387 0.0223449723
12388 0.0223449723
12389 0.0223449723
12390 0.0223449723
12391 0.0223449723
12392 0.014828512
12393 0.0223449723
12394 -0.0225537063
12395 0.0223449723
12396 0.014828512
12397 -0.00791387055
12398 0.0514277117
12399 -0.00751855974
12400 0.00731607173
12401 0.0446895368
12402 0.222727421
12403 0.00731607173
12404 0.0296665714
12405 0.0670556278
12406 -0.0300679682
12407 0.0223449723
12408 -0.00751855974
12409 -3.34483592E-06
12410 -0.0150325127
12411 0.014828512
12412 0.014828512
12413 -0.00751855974
12414 0.00731607173
12415 0.0223449723
12416 0.014828512
12417 0.0223449723
12418 0.0223449723
12419 0.0223449723
12420 0.0892074438
12421 -0.00751855974
12422 0.0894011109
12423 0.00731607173
12424 -0.00751855974
12425 0.0223449723
12426 0.00731607173
12427 -0.00751855974
12428 -0.00751855974
12429 -0.00751855974
12430 -0.0152304529
12431 0.0296665714
12432 0.0520133185
12433 0.0223449723
12434 0.014828512
12435 -0.00751855974
12436 -0.0304651976
12437 -0.00751855974
12438 0.036780282
12439 -0.0150325127
12440 0.0371858497
12441 0.0294704357
12442 -0.00751855974
12443 0.0593389398
12444 0.0146318031
12445 0.0739678082
12446 0.0446895368
12447 -0.0077162064
12448 0.014828512
12449 0.141224634
12450 -0.00751855974
12451 0.104218571
12452 0.0670556278
12453 0.0294704357
12454 0.014828512
12455 -0.00751855974
12456 0.0223449723
12457 -0.0150325127
12458 0.0223449723
12459 -0.00751855974
12460 -0.00751855974
12461 -3.34483592E-06
12462 0.0444940592
12463 -0.0150325127
12464 -0.0077162064
12465 0.0369900072
12466 0.00731607173
12467 -3.34483592E-06
12468 -0.00751855974
12469 0.014828512
12470 0.0223449723
12471 -0.00751855974
12472 -0.00751855974
12473 0.0223449723
12474 -0.0150325127
12475 0.014828512
12476 0.0442985721
12477 0.0223449723
12478 -0.00751855974
12479 0.00731607173
12480 -3.34483592E-06
12481 0.00731607173
12482 0.014828512
12483 -0.00751855974
12484 -0.0150325127
12485 0.00731607173
12486 -0.0450927089
12487 0.014828512
12488 0.022148556
12489 0.0446895368
12490 0.00731607173
12491 0.0223449723
12492 -0.000595454614
12493 0.0664467195
12494 0.0593389398
12495 0.156033405
12496 0.0371858497
12497 0.014828512
12498 -0.00751855974
12499 0.274739143
12500 0.0957290139
12501 0.0146318031
12502 0.244684909
12503 0.133121975
12504 0.0223449723
12505 0.170076655
12506 0.133889048
12507 -0.0152304529
12508 0.170711415
12509 0.0658630333
12510 -0.00751855974
12511 -0.00751855974
12512 -0.0225537063
12513 0.0223449723
12514 -0.00751855974
12515 0.0223449723
12516 -0.00751855974
12517 0.0516229223
12518 0.0369900072
12519 0.0446895368
12520 0.0816841221
12521 0.014828512
12522 -0.00751855974
12523 -0.0227520158
12524 0.0369900072
12525 0.00731607173
12526 0.014828512
12527 0.014828512
12528 0.0223449723
12529 0.0223449723
12530 0.0670556278
12531 -0.000200698419
12532 0.014828512
12533 0.0223449723
12534 -0.00751855974
12535 -0.0225537063
12536 -0.00751855974
12537 -0.0150325127
